feature,description
event_id,Stable row identifier for the retained observed citation.
sender,Citing judgment decision_id.
receiver,Cited judgment decision_id.
time,Date of the citing judgment / citation event time.
receiver_date,Date the cited judgment entered the network.
citation_lag_days,Days between receiver and sender judgments.
citation_lag_years,citation_lag_days / 365.25.
same_court,Constructed dyadic citation feature; see the corresponding notebook section.
panel_size_abs_diff,Constructed dyadic citation feature; see the corresponding notebook section.
n_shared_chamber,Constructed dyadic citation feature; see the corresponding notebook section.
same_chamber,Constructed dyadic citation feature; see the corresponding notebook section.
chamber_jaccard,Constructed dyadic citation feature; see the corresponding notebook section.
n_shared_panel_judges,Constructed dyadic citation feature; see the corresponding notebook section.
same_panel_judges,Constructed dyadic citation feature; see the corresponding notebook section.
panel_judges_jaccard,Constructed dyadic citation feature; see the corresponding notebook section.
n_shared_panel_member_states,Constructed dyadic citation feature; see the corresponding notebook section.
same_panel_member_states,Constructed dyadic citation feature; see the corresponding notebook section.
panel_member_states_jaccard,Constructed dyadic citation feature; see the corresponding notebook section.
n_shared_rapporteur,Constructed dyadic citation feature; see the corresponding notebook section.
same_rapporteur,Constructed dyadic citation feature; see the corresponding notebook section.
rapporteur_jaccard,Constructed dyadic citation feature; see the corresponding notebook section.
n_shared_advocate_general,Constructed dyadic citation feature; see the corresponding notebook section.
same_advocate_general,Constructed dyadic citation feature; see the corresponding notebook section.
advocate_general_jaccard,Constructed dyadic citation feature; see the corresponding notebook section.
panel_mean_age_approx_abs_diff,Constructed dyadic citation feature; see the corresponding notebook section.
panel_share_female_abs_diff,Constructed dyadic citation feature; see the corresponding notebook section.
panel_member_state_diversity_abs_diff,Constructed dyadic citation feature; see the corresponding notebook section.
panel_mean_cjeu_service_years_abs_diff,Constructed dyadic citation feature; see the corresponding notebook section.
panel_mean_prior_judge_assignments_abs_diff,Constructed dyadic citation feature; see the corresponding notebook section.
rapporteur_age_approx_abs_diff,Constructed dyadic citation feature; see the corresponding notebook section.
rapporteur_cjeu_service_years_abs_diff,Constructed dyadic citation feature; see the corresponding notebook section.
rapporteur_prior_judge_assignments_abs_diff,Constructed dyadic citation feature; see the corresponding notebook section.
ag_age_approx_abs_diff,Constructed dyadic citation feature; see the corresponding notebook section.
ag_cjeu_service_years_abs_diff,Constructed dyadic citation feature; see the corresponding notebook section.
ag_prior_assignments_abs_diff,Constructed dyadic citation feature; see the corresponding notebook section.
n_shared_procedures,Constructed dyadic citation feature; see the corresponding notebook section.
same_procedures,Constructed dyadic citation feature; see the corresponding notebook section.
procedures_jaccard,Constructed dyadic citation feature; see the corresponding notebook section.
n_shared_outcomes,Constructed dyadic citation feature; see the corresponding notebook section.
same_outcomes,Constructed dyadic citation feature; see the corresponding notebook section.
outcomes_jaccard,Constructed dyadic citation feature; see the corresponding notebook section.
n_shared_directory_codes,Constructed dyadic citation feature; see the corresponding notebook section.
same_directory_codes,Constructed dyadic citation feature; see the corresponding notebook section.
directory_codes_jaccard,Constructed dyadic citation feature; see the corresponding notebook section.
n_shared_directory_sections,Constructed dyadic citation feature; see the corresponding notebook section.
same_directory_sections,Constructed dyadic citation feature; see the corresponding notebook section.
directory_sections_jaccard,Constructed dyadic citation feature; see the corresponding notebook section.
n_shared_directory_major_labels,Constructed dyadic citation feature; see the corresponding notebook section.
same_directory_major_labels,Constructed dyadic citation feature; see the corresponding notebook section.
directory_major_labels_jaccard,Constructed dyadic citation feature; see the corresponding notebook section.
n_shared_directory_minor_labels,Constructed dyadic citation feature; see the corresponding notebook section.
same_directory_minor_labels,Constructed dyadic citation feature; see the corresponding notebook section.
directory_minor_labels_jaccard,Constructed dyadic citation feature; see the corresponding notebook section.
n_shared_keywords,Constructed dyadic citation feature; see the corresponding notebook section.
same_keywords,Constructed dyadic citation feature; see the corresponding notebook section.
keywords_jaccard,Constructed dyadic citation feature; see the corresponding notebook section.
both_preliminary_ruling,Constructed dyadic citation feature; see the corresponding notebook section.
both_appeal,Constructed dyadic citation feature; see the corresponding notebook section.
both_annulment,Constructed dyadic citation feature; see the corresponding notebook section.
both_infringement,Constructed dyadic citation feature; see the corresponding notebook section.
both_damages_action,Constructed dyadic citation feature; see the corresponding notebook section.
both_failure_to_act,Constructed dyadic citation feature; see the corresponding notebook section.
both_grand_chamber,Constructed dyadic citation feature; see the corresponding notebook section.
both_full_court_or_plenary,Constructed dyadic citation feature; see the corresponding notebook section.
n_shared_parties,Constructed dyadic citation feature; see the corresponding notebook section.
same_parties,Constructed dyadic citation feature; see the corresponding notebook section.
parties_jaccard,Constructed dyadic citation feature; see the corresponding notebook section.
n_shared_party_types,Constructed dyadic citation feature; see the corresponding notebook section.
same_party_types,Constructed dyadic citation feature; see the corresponding notebook section.
party_types_jaccard,Constructed dyadic citation feature; see the corresponding notebook section.
n_shared_observers,Constructed dyadic citation feature; see the corresponding notebook section.
same_observers,Constructed dyadic citation feature; see the corresponding notebook section.
observers_jaccard,Constructed dyadic citation feature; see the corresponding notebook section.
n_shared_observer_types,Constructed dyadic citation feature; see the corresponding notebook section.
same_observer_types,Constructed dyadic citation feature; see the corresponding notebook section.
observer_types_jaccard,Constructed dyadic citation feature; see the corresponding notebook section.
n_shared_referring_courts,Constructed dyadic citation feature; see the corresponding notebook section.
same_referring_courts,Constructed dyadic citation feature; see the corresponding notebook section.
referring_courts_jaccard,Constructed dyadic citation feature; see the corresponding notebook section.
n_shared_referring_member_states,Constructed dyadic citation feature; see the corresponding notebook section.
same_referring_member_states,Constructed dyadic citation feature; see the corresponding notebook section.
referring_member_states_jaccard,Constructed dyadic citation feature; see the corresponding notebook section.
n_shared_referring_court_levels,Constructed dyadic citation feature; see the corresponding notebook section.
same_referring_court_levels,Constructed dyadic citation feature; see the corresponding notebook section.
referring_court_levels_jaccard,Constructed dyadic citation feature; see the corresponding notebook section.
n_shared_referring_court_prestiges,Constructed dyadic citation feature; see the corresponding notebook section.
same_referring_court_prestiges,Constructed dyadic citation feature; see the corresponding notebook section.
referring_court_prestiges_jaccard,Constructed dyadic citation feature; see the corresponding notebook section.
n_shared_referring_court_collegialitys,Constructed dyadic citation feature; see the corresponding notebook section.
same_referring_court_collegialitys,Constructed dyadic citation feature; see the corresponding notebook section.
referring_court_collegialitys_jaccard,Constructed dyadic citation feature; see the corresponding notebook section.
n_shared_referring_court_competences,Constructed dyadic citation feature; see the corresponding notebook section.
same_referring_court_competences,Constructed dyadic citation feature; see the corresponding notebook section.
referring_court_competences_jaccard,Constructed dyadic citation feature; see the corresponding notebook section.
n_shared_referring_court_competence_detaileds,Constructed dyadic citation feature; see the corresponding notebook section.
same_referring_court_competence_detaileds,Constructed dyadic citation feature; see the corresponding notebook section.
referring_court_competence_detaileds_jaccard,Constructed dyadic citation feature; see the corresponding notebook section.
same_referring_national_court,Constructed dyadic citation feature; see the corresponding notebook section.
same_referring_country,Constructed dyadic citation feature; see the corresponding notebook section.
commission_party_in_both,Constructed dyadic citation feature; see the corresponding notebook section.
both_had_observers,Constructed dyadic citation feature; see the corresponding notebook section.
same_case,Constructed dyadic citation feature; see the corresponding notebook section.
same_proceeding,Constructed dyadic citation feature; see the corresponding notebook section.
same_joined_proceeding_family,Constructed dyadic citation feature; see the corresponding notebook section.
joined_proceeding_family_jaccard,Constructed dyadic citation feature; see the corresponding notebook section.
directory_code_novelty_abs_diff,Constructed dyadic citation feature; see the corresponding notebook section.
directory_section_novelty_abs_diff,Constructed dyadic citation feature; see the corresponding notebook section.
directory_major_novelty_abs_diff,Constructed dyadic citation feature; see the corresponding notebook section.
keyword_novelty_abs_diff,Constructed dyadic citation feature; see the corresponding notebook section.
