feature,n_missing,pct_missing,n_unique,dtype
joined_proceeding_list,23944,92.88540616029172,1818,object
appeal_of_list,23904,92.73023508418031,1842,object
referring_court_collegialitys,18274,70.88990612149895,9,object
referring_court_competence_detaileds,18274,70.88990612149895,32,object
referring_court_competences,18274,70.88990612149895,10,object
referring_court_levels,18274,70.88990612149895,10,object
referring_court_prestiges,18274,70.88990612149895,7,object
observer_ids,17426,67.600279307937,7557,object
observer_types,17426,67.600279307937,291,object
referral_court_metadata_match_rate,16733,64.91194041430677,8,float64
referring_court_ids,16733,64.91194041430677,2216,object
referring_court_names,16733,64.91194041430677,2405,object
referring_member_states,16733,64.91194041430677,52,object
outcomes,11054,42.881526883388936,15,object
ag_role_service_years,10564,40.980681201024126,3883,float64
ag_cjeu_service_years,10456,40.56171929552331,4214,float64
ag_age_approx,10421,40.42594460392583,45,float64
ag_ids,10421,40.42594460392583,68,object
ag_is_female,10421,40.42594460392583,2,float64
ag_member_states,10421,40.42594460392583,26,object
ag_prior_assignments,10421,40.42594460392583,883,float64
n_advocates_general,10421,40.42594460392583,1,float64
directory_minor_labels,5444,21.11878345876329,6042,object
directory_code_novelty,4974,19.295523314454186,51,float64
directory_codes,4974,19.295523314454186,6984,object
directory_major_labels,4974,19.295523314454186,3370,object
directory_major_novelty,4974,19.295523314454186,30,float64
directory_section_novelty,4974,19.295523314454186,7,float64
directory_sections,4974,19.295523314454186,103,object
n_directory_codes,4974,19.295523314454186,15,float64
n_directory_major_labels,4974,19.295523314454186,11,float64
n_directory_minor_labels,4974,19.295523314454186,15,float64
n_directory_sections,4974,19.295523314454186,5,float64
keyword_novelty,3299,12.797734502288774,38,float64
keywords,3299,12.797734502288774,2046,object
n_keywords,3299,12.797734502288774,12,float64
has_commission_party,1756,6.8120102412910235,2,float64
n_parties,1756,6.8120102412910235,32,float64
n_party_types,1756,6.8120102412910235,10,float64
party_ids,1756,6.8120102412910235,15403,object
party_roles,1756,6.8120102412910235,80,object
party_types,1756,6.8120102412910235,494,object
rapporteur_cjeu_service_years,1723,6.683994103499108,5515,float64
rapporteur_judicial_service_years,1723,6.683994103499108,5440,float64
n_rapporteurs,1712,6.641322057568469,1,float64
rapporteur_age_approx,1712,6.641322057568469,48,float64
rapporteur_ids,1712,6.641322057568469,224,object
rapporteur_is_female,1712,6.641322057568469,2,float64
rapporteur_member_states,1712,6.641322057568469,28,object
rapporteur_prior_judge_assignments,1712,6.641322057568469,1533,float64
rapporteur_prior_rapporteur_assignments,1712,6.641322057568469,326,float64
n_outcomes,1393,5.403832725579952,5,float64
n_procedures,1393,5.403832725579952,4,float64
procedures,1393,5.403832725579952,55,object
celex,1187,4.604701683606176,24591,object
chambers,42,0.16292962991698345,25,object
panel_judge_ids,42,0.16292962991698345,3882,object
panel_mean_age_approx,42,0.16292962991698345,529,float64
panel_mean_cjeu_service_years,42,0.16292962991698345,14328,float64
panel_mean_judicial_service_years,42,0.16292962991698345,14193,float64
panel_mean_prior_judge_assignments,42,0.16292962991698345,7268,float64
panel_member_state_diversity,42,0.16292962991698345,10,float64
panel_member_states,42,0.16292962991698345,3233,object
panel_n_member_states,42,0.16292962991698345,18,float64
panel_share_female,42,0.16292962991698345,25,float64
panel_size,42,0.16292962991698345,12,float64
proceeding_name,6,0.023275661416711925,19621,object
approx_years_lodging_to_decision,0,0.0,15,int64
case_id,0,0.0,25558,object
case_number,0,0.0,25558,object
court,0,0.0,3,object
decision_date,0,0.0,4649,datetime64[ns]
decision_id,0,0.0,25778,object
decision_year,0,0.0,73,int32
ecli,0,0.0,25778,object
had_observers,0,0.0,2,int64
has_advocate_general,0,0.0,2,int64
has_commission_observer,0,0.0,2,int64
has_national_court_referral,0,0.0,2,int64
is_annulment,0,0.0,2,int64
is_appeal,0,0.0,2,int64
is_appeal_of,0,0.0,2,int64
is_damages_action,0,0.0,2,int64
is_failure_to_act,0,0.0,2,int64
is_full_court_or_plenary,0,0.0,2,int64
is_grand_chamber,0,0.0,2,int64
is_infringement,0,0.0,2,int64
is_joined_case,0,0.0,2,int64
is_preliminary_ruling,0,0.0,2,int64
joined_proceeding_count,0,0.0,31,int64
lead_proceeding_id,0,0.0,25691,object
n_observer_types,0,0.0,9,int64
n_observers,0,0.0,26,int64
n_proceedings_in_bundle,0,0.0,31,int64
n_referring_courts,0,0.0,5,int64
n_referring_member_states,0,0.0,4,int64
proceeding_id,0,0.0,25691,object
proceeding_number,0,0.0,25691,object
referred_from_national_court,0,0.0,2,int64
