actor_id,index,court,position,is_current,start_date,end_date
ACT_EU_INST_CJEU_JUDG_AG_BE_RAE,1,Civil Service Tribunal,judge,False,2005-10-06,2016-08-31
ACT_EU_INST_CJEU_JUDG_AG_DE_KRE,1,Civil Service Tribunal,judge,False,2005-10-06,2016-04-13
ACT_EU_INST_CJEU_JUDG_AG_EL_TAG,1,Civil Service Tribunal,judge,False,2005-10-06,2011-10-06
ACT_EU_INST_CJEU_JUDG_AG_FI_KAN,1,Civil Service Tribunal,judge,False,2005-10-06,2009-10-06
ACT_EU_INST_CJEU_JUDG_AG_FR_GER,1,Civil Service Tribunal,judge,False,2005-10-06,2011-10-06
ACT_EU_INST_CJEU_JUDG_AG_PL_BOR,1,Civil Service Tribunal,judge,False,2005-10-06,2013-10-07
ACT_EU_INST_CJEU_JUDG_AG_UK_MAH,1,Civil Service Tribunal,judge,False,2005-10-06,2011-10-06
ACT_EU_INST_CJEU_JUDG_AG_ES_ROF_PUJ,1,Civil Service Tribunal,judge,False,2009-10-07,2016-04-13
ACT_EU_INST_CJEU_JUDG_AG_IE_BRA,1,Civil Service Tribunal,judge,False,2011-10-06,2016-08-31
ACT_EU_INST_CJEU_JUDG_AG_IT_PERI,1,Civil Service Tribunal,judge,False,2011-10-06,2016-08-31
ACT_EU_INST_CJEU_JUDG_AG_NL_BAR,1,Civil Service Tribunal,judge,False,2011-10-06,2016-08-31
ACT_EU_INST_CJEU_JUDG_AG_DK_SVE,1,Civil Service Tribunal,judge,False,2013-10-07,2016-08-31
ACT_EU_INST_CJEU_JUDG_AG_BG_KOR,1,Civil Service Tribunal,judge,False,2016-04-13,2016-08-31
ACT_EU_INST_CJEU_JUDG_AG_PT_SAN_ANN,1,Civil Service Tribunal,judge,False,2016-04-13,2016-08-31
ACT_EU_INST_CJEU_JUDG_AG_UK_MAH,2,Civil Service Tribunal,President,False,2005-10-06,2011-10-06
ACT_EU_INST_CJEU_JUDG_AG_BE_RAE,2,Civil Service Tribunal,President,False,2011-10-07,2016-08-31
ACT_EU_INST_CJEU_JUDG_AG_DE_ROE,1,Court of Justice,Advocate-General,False,1953-10-01,1973-10-01
ACT_EU_INST_CJEU_JUDG_AG_FR_LAG,1,Court of Justice,Advocate-General,False,1958-10-07,1964-10-08
ACT_EU_INST_CJEU_JUDG_AG_FR_GAN,1,Court of Justice,Advocate-General,False,1964-10-08,1970-10-06
ACT_EU_INST_CJEU_JUDG_AG_FR_DUT_LAM,1,Court of Justice,Advocate-General,False,1970-10-07,1972-01-02
ACT_EU_INST_CJEU_JUDG_AG_FR_MAY,1,Court of Justice,Advocate-General,False,1972-03-22,1981-03-18
ACT_EU_INST_CJEU_JUDG_AG_IT_TRA,2,Court of Justice,Advocate-General,False,1973-01-09,1976-10-06
ACT_EU_INST_CJEU_JUDG_AG_UK_WAR,1,Court of Justice,Advocate-General,False,1973-01-09,1981-02-26
ACT_EU_INST_CJEU_JUDG_AG_DE_REI,1,Court of Justice,Advocate-General,False,1973-10-09,1984-01-11
ACT_EU_INST_CJEU_JUDG_AG_IT_CAP,2,Court of Justice,Advocate-General,False,1976-10-07,1982-10-06
ACT_EU_INST_CJEU_JUDG_AG_UK_SLY,1,Court of Justice,Advocate-General,False,1981-02-26,1988-10-06
ACT_EU_INST_CJEU_JUDG_AG_FR_ROZ,1,Court of Justice,Advocate-General,False,1981-03-18,1984-02-13
ACT_EU_INST_CJEU_JUDG_AG_NL_LOR_THE,1,Court of Justice,Advocate-General,False,1981-06-04,1986-01-13
ACT_EU_INST_CJEU_JUDG_AG_IT_MAN,1,Court of Justice,Advocate-General,False,1982-10-07,1988-10-06
ACT_EU_INST_CJEU_JUDG_AG_DE_LEN,1,Court of Justice,Advocate-General,False,1984-01-11,1997-10-06
ACT_EU_INST_CJEU_JUDG_AG_FR_DAR,1,Court of Justice,Advocate-General,False,1984-02-13,1994-10-06
ACT_EU_INST_CJEU_JUDG_AG_PT_CRU_VIL,1,Court of Justice,Advocate-General,False,1986-01-01,1988-10-06
ACT_EU_INST_CJEU_JUDG_AG_LU_MIS,1,Court of Justice,Advocate-General,False,1986-01-13,1991-10-06
ACT_EU_INST_CJEU_JUDG_AG_BE_GER,1,Court of Justice,Advocate-General,False,1988-10-07,1994-10-06
ACT_EU_INST_CJEU_JUDG_AG_IT_TES,1,Court of Justice,Advocate-General,False,1988-10-07,1998-03-04
ACT_EU_INST_CJEU_JUDG_AG_UK_JAC,1,Court of Justice,Advocate-General,False,1988-10-07,2006-01-10
ACT_EU_INST_CJEU_JUDG_AG_DK_GUL,1,Court of Justice,Advocate-General,False,1991-10-07,1994-10-06
ACT_EU_INST_CJEU_JUDG_AG_DK_ELM,1,Court of Justice,Advocate-General,False,1994-10-07,1997-12-18
ACT_EU_INST_CJEU_JUDG_AG_EL_COS,1,Court of Justice,Advocate-General,False,1994-10-07,2000-10-06
ACT_EU_INST_CJEU_JUDG_AG_FR_LEGE,1,Court of Justice,Advocate-General,False,1994-10-07,2006-10-06
ACT_EU_INST_CJEU_JUDG_AG_IT_PERG,2,Court of Justice,Advocate-General,False,1995-01-01,1999-12-14
ACT_EU_INST_CJEU_JUDG_AG_ES_RUI_JAR_COL,1,Court of Justice,Advocate-General,False,1995-01-19,2009-11-12
ACT_EU_INST_CJEU_JUDG_AG_IE_FEN,1,Court of Justice,Advocate-General,False,1995-01-19,2000-10-06
ACT_EU_INST_CJEU_JUDG_AG_DE_ALB,1,Court of Justice,Advocate-General,False,1997-10-07,2003-10-06
ACT_EU_INST_CJEU_JUDG_AG_LU_MIS,2,Court of Justice,Advocate-General,False,1997-12-19,2003-10-06
ACT_EU_INST_CJEU_JUDG_AG_IT_SAG,3,Court of Justice,Advocate-General,False,1998-03-05,2000-10-06
ACT_EU_INST_CJEU_JUDG_AG_AT_STI_HAC,1,Court of Justice,Advocate-General,False,2000-10-07,2006-10-06
ACT_EU_INST_CJEU_JUDG_AG_IT_TIZ,1,Court of Justice,Advocate-General,False,2000-10-07,2006-05-03
ACT_EU_INST_CJEU_JUDG_AG_NL_GEE,1,Court of Justice,Advocate-General,False,2000-10-07,2006-10-06
ACT_EU_INST_CJEU_JUDG_AG_DE_KOK,1,Court of Justice,Advocate-General,True,2003-10-07,
ACT_EU_INST_CJEU_JUDG_AG_PT_POI_PES_MAD,1,Court of Justice,Advocate-General,False,2003-10-07,2009-10-06
ACT_EU_INST_CJEU_JUDG_AG_UK_SHA,1,Court of Justice,Advocate-General,False,2006-01-11,2020-09-10
ACT_EU_INST_CJEU_JUDG_AG_IT_MEN,2,Court of Justice,Advocate-General,False,2006-05-04,2018-10-08
ACT_EU_INST_CJEU_JUDG_AG_FR_BOT,1,Court of Justice,Advocate-General,False,2006-10-07,2019-06-09
ACT_EU_INST_CJEU_JUDG_AG_SI_TRS,2,Court of Justice,Advocate-General,False,2006-10-07,2012-11-28
ACT_EU_INST_CJEU_JUDG_AG_SK_MAZ,1,Court of Justice,Advocate-General,False,2006-10-07,2012-10-08
ACT_EU_INST_CJEU_JUDG_AG_FI_JAA,1,Court of Justice,Advocate-General,False,2009-10-07,2015-10-07
ACT_EU_INST_CJEU_JUDG_AG_ES_CRU_VIL,1,Court of Justice,Advocate-General,False,2009-12-14,2015-10-07
ACT_EU_INST_CJEU_JUDG_AG_BE_WAT,2,Court of Justice,Advocate-General,False,2012-10-08,2018-10-08
ACT_EU_INST_CJEU_JUDG_AG_SE_WAH,2,Court of Justice,Advocate-General,False,2012-11-28,2019-02-06
ACT_EU_INST_CJEU_JUDG_AG_PL_SZP,1,Court of Justice,Advocate-General,True,2013-10-23,
ACT_EU_INST_CJEU_JUDG_AG_CZ_BOB,1,Court of Justice,Advocate-General,False,2015-10-07,2021-10-07
ACT_EU_INST_CJEU_JUDG_AG_DK_SAU_OE,1,Court of Justice,Advocate-General,False,2015-10-07,2021-10-07
ACT_EU_INST_CJEU_JUDG_AG_ES_CAM_SAN_BOR,1,Court of Justice,Advocate-General,True,2015-10-07,
ACT_EU_INST_CJEU_JUDG_AG_BG_TAN,1,Court of Justice,Advocate-General,False,2016-09-19,2021-10-07
ACT_EU_INST_CJEU_JUDG_AG_IE_HOG,1,Court of Justice,Advocate-General,False,2018-10-08,2021-10-07
ACT_EU_INST_CJEU_JUDG_AG_IT_PIT,1,Court of Justice,Advocate-General,True,2018-10-08,
ACT_EU_INST_CJEU_JUDG_AG_EE_PIK,1,Court of Justice,Advocate-General,True,2019-02-06,
ACT_EU_INST_CJEU_JUDG_AG_FR_RIC_TOU,1,Court of Justice,Advocate-General,True,2020-03-23,
ACT_EU_INST_CJEU_JUDG_AG_EL_RAN,1,Court of Justice,Advocate-General,True,2020-09-10,
ACT_EU_INST_CJEU_JUDG_AG_CY_EMI,1,Court of Justice,Advocate-General,True,2021-10-07,
ACT_EU_INST_CJEU_JUDG_AG_HR_CAP,1,Court of Justice,Advocate-General,True,2021-10-07,
ACT_EU_INST_CJEU_JUDG_AG_IE_COL,2,Court of Justice,Advocate-General,True,2021-10-07,
ACT_EU_INST_CJEU_JUDG_AG_LV_MED,1,Court of Justice,Advocate-General,True,2021-10-07,
ACT_EU_INST_CJEU_JUDG_AG_BE_DEL,1,Court of Justice,judge,False,1952-12-04,1967-10-08
ACT_EU_INST_CJEU_JUDG_AG_DE_RIE,1,Court of Justice,judge,False,1952-12-04,1963-02-06
ACT_EU_INST_CJEU_JUDG_AG_FR_REU,1,Court of Justice,judge,False,1952-12-04,1962-05-18
ACT_EU_INST_CJEU_JUDG_AG_IT_PIL,1,Court of Justice,judge,False,1952-12-04,1958-10-06
ACT_EU_INST_CJEU_JUDG_AG_LU_HAM,1,Court of Justice,judge,False,1952-12-04,1964-10-07
ACT_EU_INST_CJEU_JUDG_AG_NL_SER,1,Court of Justice,judge,False,1952-12-04,1958-10-06
ACT_EU_INST_CJEU_JUDG_AG_NL_KLE,1,Court of Justice,judge,False,1952-12-10,1958-10-06
ACT_EU_INST_CJEU_JUDG_AG_IT_CAT,1,Court of Justice,judge,False,1958-10-07,1962-03-08
ACT_EU_INST_CJEU_JUDG_AG_IT_ROS_R,1,Court of Justice,judge,False,1958-10-07,1964-10-07
ACT_EU_INST_CJEU_JUDG_AG_NL_DON,1,Court of Justice,judge,False,1958-10-07,1979-03-29
ACT_EU_INST_CJEU_JUDG_AG_IT_TRA,1,Court of Justice,judge,False,1962-03-08,1972-12-12
ACT_EU_INST_CJEU_JUDG_AG_FR_LEC,1,Court of Justice,judge,False,1962-05-18,1967-10-09
ACT_EU_INST_CJEU_JUDG_AG_DE_STR,1,Court of Justice,judge,False,1963-02-06,1970-10-28
ACT_EU_INST_CJEU_JUDG_AG_IT_MON,1,Court of Justice,judge,False,1964-10-08,1976-02-03
ACT_EU_INST_CJEU_JUDG_AG_BE_MER_WIL,1,Court of Justice,judge,False,1967-10-09,1984-04-10
ACT_EU_INST_CJEU_JUDG_AG_LU_PES,1,Court of Justice,judge,False,1967-10-09,1985-10-07
ACT_EU_INST_CJEU_JUDG_AG_DE_KUT,1,Court of Justice,judge,False,1970-10-28,1980-10-31
ACT_EU_INST_CJEU_JUDG_AG_DK_SOR,1,Court of Justice,judge,False,1973-01-09,1979-10-08
ACT_EU_INST_CJEU_JUDG_AG_IE_O_DAL,1,Court of Justice,judge,False,1973-01-09,1974-12-12
ACT_EU_INST_CJEU_JUDG_AG_UK_MAC_STU,1,Court of Justice,judge,False,1973-01-09,1988-10-06
ACT_EU_INST_CJEU_JUDG_AG_IE_O_KEE,1,Court of Justice,judge,False,1975-12-12,1985-01-16
ACT_EU_INST_CJEU_JUDG_AG_IT_CAP,1,Court of Justice,judge,False,1976-02-03,1976-10-06
ACT_EU_INST_CJEU_JUDG_AG_IT_BOS,1,Court of Justice,judge,False,1976-10-07,1988-10-06
ACT_EU_INST_CJEU_JUDG_AG_FR_TOU,1,Court of Justice,judge,False,1976-10-26,1982-10-06
ACT_EU_INST_CJEU_JUDG_AG_NL_KOO,1,Court of Justice,judge,False,1979-03-29,1990-03-29
ACT_EU_INST_CJEU_JUDG_AG_DK_DUE,1,Court of Justice,judge,False,1979-10-07,1994-10-06
ACT_EU_INST_CJEU_JUDG_AG_DE_EVE,1,Court of Justice,judge,False,1980-10-06,1988-10-06
ACT_EU_INST_CJEU_JUDG_AG_EL_CHL,1,Court of Justice,judge,False,1981-01-12,1982-11-15
ACT_EU_INST_CJEU_JUDG_AG_FR_GRE,1,Court of Justice,judge,False,1981-06-04,1982-10-06
ACT_EU_INST_CJEU_JUDG_AG_DE_BAH,1,Court of Justice,judge,False,1982-10-07,1988-10-06
ACT_EU_INST_CJEU_JUDG_AG_FR_GAL,1,Court of Justice,judge,False,1982-10-07,1988-10-06
ACT_EU_INST_CJEU_JUDG_AG_EL_KAK,1,Court of Justice,judge,False,1983-03-14,1997-10-06
ACT_EU_INST_CJEU_JUDG_AG_BE_JOL,1,Court of Justice,judge,False,1984-04-10,1995-07-15
ACT_EU_INST_CJEU_JUDG_AG_IE_O_HIG_T,1,Court of Justice,judge,False,1985-01-16,1991-10-06
ACT_EU_INST_CJEU_JUDG_AG_LU_SCHO,1,Court of Justice,judge,False,1985-10-07,1996-06-01
ACT_EU_INST_CJEU_JUDG_AG_ES_ROD_IGL,1,Court of Justice,judge,False,1986-01-31,2003-10-06
ACT_EU_INST_CJEU_JUDG_AG_PT_CAR_MOI_ALM,1,Court of Justice,judge,False,1986-01-31,2000-10-06
ACT_EU_INST_CJEU_JUDG_AG_IT_MAN,2,Court of Justice,judge,False,1988-09-26,1999-07-21
ACT_EU_INST_CJEU_JUDG_AG_DE_ZUL,1,Court of Justice,judge,False,1988-10-07,1994-10-06
ACT_EU_INST_CJEU_JUDG_AG_ES_DIE_VEL,1,Court of Justice,judge,False,1988-10-07,1994-10-06
ACT_EU_INST_CJEU_JUDG_AG_FR_GRE,2,Court of Justice,judge,False,1988-10-07,1994-10-06
ACT_EU_INST_CJEU_JUDG_AG_UK_SLY,2,Court of Justice,judge,False,1988-10-07,1992-03-10
ACT_EU_INST_CJEU_JUDG_AG_NL_KAP,1,Court of Justice,judge,False,1990-03-29,2000-10-06
ACT_EU_INST_CJEU_JUDG_AG_IE_MUR,1,Court of Justice,judge,False,1991-10-07,1999-10-05
ACT_EU_INST_CJEU_JUDG_AG_UK_EDW,2,Court of Justice,judge,False,1992-03-10,2004-01-07
ACT_EU_INST_CJEU_JUDG_AG_DE_HIR,1,Court of Justice,judge,False,1994-10-07,2000-07-14
ACT_EU_INST_CJEU_JUDG_AG_DK_GUL,2,Court of Justice,judge,False,1994-10-07,2006-01-10
ACT_EU_INST_CJEU_JUDG_AG_FR_PUI,1,Court of Justice,judge,False,1994-10-07,2006-10-06
ACT_EU_INST_CJEU_JUDG_AG_IT_PERG,1,Court of Justice,judge,False,1994-10-07,1994-12-31
ACT_EU_INST_CJEU_JUDG_AG_AT_JAN,1,Court of Justice,judge,False,1995-01-19,2009-10-06
ACT_EU_INST_CJEU_JUDG_AG_FI_SEV,1,Court of Justice,judge,False,1995-01-19,2002-01-16
ACT_EU_INST_CJEU_JUDG_AG_SE_RAG,1,Court of Justice,judge,False,1995-01-19,2000-10-06
ACT_EU_INST_CJEU_JUDG_AG_BE_WAT,1,Court of Justice,judge,False,1995-07-15,2003-10-07
ACT_EU_INST_CJEU_JUDG_AG_LU_SCHI,2,Court of Justice,judge,False,1996-07-12,2008-01-14
ACT_EU_INST_CJEU_JUDG_AG_EL_IOA,1,Court of Justice,judge,False,1997-10-07,1999-03-10
ACT_EU_INST_CJEU_JUDG_AG_EL_SKO,1,Court of Justice,judge,False,1999-06-08,2015-10-08
ACT_EU_INST_CJEU_JUDG_AG_IE_O_KEL_MAC,1,Court of Justice,judge,False,1999-10-06,2004-10-13
ACT_EU_INST_CJEU_JUDG_AG_IT_PERG,3,Court of Justice,judge,False,1999-12-15,2006-05-03
ACT_EU_INST_CJEU_JUDG_AG_DE_COL,1,Court of Justice,judge,False,2000-07-15,2006-10-06
ACT_EU_INST_CJEU_JUDG_AG_NL_TIM,1,Court of Justice,judge,False,2000-10-07,2010-06-10
ACT_EU_INST_CJEU_JUDG_AG_PT_CUN_ROD,1,Court of Justice,judge,False,2000-10-07,2012-10-08
ACT_EU_INST_CJEU_JUDG_AG_SE_BAH,1,Court of Justice,judge,False,2000-10-07,2006-10-06
ACT_EU_INST_CJEU_JUDG_AG_FI_ROS,1,Court of Justice,judge,False,2002-01-17,2019-10-07
ACT_EU_INST_CJEU_JUDG_AG_BE_LEN,2,Court of Justice,judge,True,2003-10-07,
ACT_EU_INST_CJEU_JUDG_AG_ES_SIL_LAP,1,Court of Justice,judge,False,2003-10-07,2021-10-07
ACT_EU_INST_CJEU_JUDG_AG_UK_SCH,1,Court of Justice,judge,False,2004-01-08,2012-10-08
ACT_EU_INST_CJEU_JUDG_AG_CY_ARE,1,Court of Justice,judge,False,2004-05-11,2014-10-06
ACT_EU_INST_CJEU_JUDG_AG_CZ_MAL,1,Court of Justice,judge,False,2004-05-11,2020-10-06
ACT_EU_INST_CJEU_JUDG_AG_EE_LOH,1,Court of Justice,judge,False,2004-05-11,2013-10-23
ACT_EU_INST_CJEU_JUDG_AG_HU_JUH,1,Court of Justice,judge,False,2004-05-11,2021-10-07
ACT_EU_INST_CJEU_JUDG_AG_LT_KUR,1,Court of Justice,judge,False,2004-05-11,2010-10-06
ACT_EU_INST_CJEU_JUDG_AG_LV_LEV,1,Court of Justice,judge,False,2004-05-11,2019-06-17
ACT_EU_INST_CJEU_JUDG_AG_MT_BOR_BAR,1,Court of Justice,judge,False,2004-05-11,2018-10-08
ACT_EU_INST_CJEU_JUDG_AG_PL_MAK,1,Court of Justice,judge,False,2004-05-11,2009-10-06
ACT_EU_INST_CJEU_JUDG_AG_SI_ILE,1,Court of Justice,judge,False,2004-05-11,2025-06-14
ACT_EU_INST_CJEU_JUDG_AG_SK_KLU,1,Court of Justice,judge,False,2004-05-11,2009-10-06
ACT_EU_INST_CJEU_JUDG_AG_IE_O_CAO,1,Court of Justice,judge,False,2004-10-13,2015-10-07
ACT_EU_INST_CJEU_JUDG_AG_DK_BAY_LAR,1,Court of Justice,judge,False,2006-01-11,2024-10-06
ACT_EU_INST_CJEU_JUDG_AG_IT_TIZ,2,Court of Justice,judge,False,2006-05-04,2018-10-08
ACT_EU_INST_CJEU_JUDG_AG_DE_DAN,1,Court of Justice,judge,True,2006-10-07,
ACT_EU_INST_CJEU_JUDG_AG_FR_BON,1,Court of Justice,judge,True,2006-10-07,
ACT_EU_INST_CJEU_JUDG_AG_SE_LIN,2,Court of Justice,judge,False,2006-10-07,2011-10-06
ACT_EU_INST_CJEU_JUDG_AG_BG_ARA,1,Court of Justice,judge,True,2007-01-12,
ACT_EU_INST_CJEU_JUDG_AG_RO_TOA,1,Court of Justice,judge,False,2007-01-12,2021-10-07
ACT_EU_INST_CJEU_JUDG_AG_LU_KAS,1,Court of Justice,judge,False,2008-01-15,2013-10-07
ACT_EU_INST_CJEU_JUDG_AG_AT_BER,1,Court of Justice,judge,False,2009-10-07,2019-03-20
ACT_EU_INST_CJEU_JUDG_AG_PL_SAF,1,Court of Justice,judge,True,2009-10-07,
ACT_EU_INST_CJEU_JUDG_AG_SK_SVA,2,Court of Justice,judge,False,2009-10-07,2021-10-07
ACT_EU_INST_CJEU_JUDG_AG_NL_PRE,1,Court of Justice,judge,False,2010-06-10,2024-10-06
ACT_EU_INST_CJEU_JUDG_AG_LT_JARA,1,Court of Justice,judge,False,2010-10-06,2018-10-08
ACT_EU_INST_CJEU_JUDG_AG_SE_FER,1,Court of Justice,judge,False,2011-10-06,2019-10-07
ACT_EU_INST_CJEU_JUDG_AG_PT_CRU_VIL,4,Court of Justice,judge,False,2012-10-08,2018-10-08
ACT_EU_INST_CJEU_JUDG_AG_UK_VAJ,1,Court of Justice,judge,False,2012-10-08,2020-01-31
ACT_EU_INST_CJEU_JUDG_AG_HR_ROD,1,Court of Justice,judge,True,2013-07-04,
ACT_EU_INST_CJEU_JUDG_AG_LU_BIL,1,Court of Justice,judge,True,2013-10-07,
ACT_EU_INST_CJEU_JUDG_AG_EE_JUR,2,Court of Justice,judge,True,2013-10-23,
ACT_EU_INST_CJEU_JUDG_AG_CY_LYC,1,Court of Justice,judge,True,2014-10-08,
ACT_EU_INST_CJEU_JUDG_AG_EL_VIL,2,Court of Justice,judge,False,2015-10-07,2021-10-07
ACT_EU_INST_CJEU_JUDG_AG_IE_REG,1,Court of Justice,judge,True,2015-10-07,
ACT_EU_INST_CJEU_JUDG_AG_IT_ROS_L,1,Court of Justice,judge,False,2018-10-08,2024-10-06
ACT_EU_INST_CJEU_JUDG_AG_LT_JARU,1,Court of Justice,judge,True,2018-10-08,
ACT_EU_INST_CJEU_JUDG_AG_MT_XUE,2,Court of Justice,judge,True,2018-10-08,
ACT_EU_INST_CJEU_JUDG_AG_PT_CAR_SIL_PIC,1,Court of Justice,judge,True,2018-10-08,
ACT_EU_INST_CJEU_JUDG_AG_AT_KUM,1,Court of Justice,judge,True,2019-03-20,
ACT_EU_INST_CJEU_JUDG_AG_FI_JAA,2,Court of Justice,judge,True,2019-10-07,
ACT_EU_INST_CJEU_JUDG_AG_SE_WAH,3,Court of Justice,judge,True,2019-10-07,
ACT_EU_INST_CJEU_JUDG_AG_CZ_PAS,2,Court of Justice,judge,True,2020-10-06,
ACT_EU_INST_CJEU_JUDG_AG_LV_ZIE,1,Court of Justice,judge,True,2020-10-06,
ACT_EU_INST_CJEU_JUDG_AG_EL_GRA,2,Court of Justice,judge,True,2021-10-07,
ACT_EU_INST_CJEU_JUDG_AG_ES_ARA_SAH,1,Court of Justice,judge,True,2021-10-07,
ACT_EU_INST_CJEU_JUDG_AG_HU_CSE,2,Court of Justice,judge,True,2021-10-07,
ACT_EU_INST_CJEU_JUDG_AG_RO_SPI_MAT,2,Court of Justice,judge,True,2021-10-07,
ACT_EU_INST_CJEU_JUDG_AG_SK_GAV,1,Court of Justice,judge,True,2021-10-07,
ACT_EU_INST_CJEU_JUDG_AG_DK_FEN,1,Court of Justice,judge,True,2024-10-07,
ACT_EU_INST_CJEU_JUDG_AG_IT_CON,1,Court of Justice,judge,True,2024-10-07,
ACT_EU_INST_CJEU_JUDG_AG_NL_SMU,1,Court of Justice,judge,True,2024-10-07,
ACT_EU_INST_CJEU_JUDG_AG_SI_BOS,1,Court of Justice,judge,True,2025-06-15,
ACT_EU_INST_CJEU_JUDG_AG_IT_PIL,2,Court of Justice,President,False,1952-12-04,1958-10-06
ACT_EU_INST_CJEU_JUDG_AG_NL_DON,2,Court of Justice,President,False,1958-10-07,1964-10-07
ACT_EU_INST_CJEU_JUDG_AG_LU_HAM,2,Court of Justice,President,False,1964-10-08,1967-10-09
ACT_EU_INST_CJEU_JUDG_AG_FR_LEC,2,Court of Justice,President,False,1967-10-10,1976-10-25
ACT_EU_INST_CJEU_JUDG_AG_DE_KUT,2,Court of Justice,President,False,1976-10-07,1980-10-31
ACT_EU_INST_CJEU_JUDG_AG_BE_MER_WIL,2,Court of Justice,President,False,1980-10-30,1984-04-10
ACT_EU_INST_CJEU_JUDG_AG_UK_MAC_STU,2,Court of Justice,President,False,1984-04-10,1988-10-06
ACT_EU_INST_CJEU_JUDG_AG_DK_DUE,2,Court of Justice,President,False,1988-10-06,1994-10-06
ACT_EU_INST_CJEU_JUDG_AG_ES_ROD_IGL,2,Court of Justice,President,False,1994-10-07,2003-10-06
ACT_EU_INST_CJEU_JUDG_AG_EL_SKO,2,Court of Justice,President,False,2003-10-07,2015-10-08
ACT_EU_INST_CJEU_JUDG_AG_BE_LEN,4,Court of Justice,President,True,2015-10-08,
ACT_EU_INST_CJEU_JUDG_AG_BE_LEN,3,Court of Justice,Vice-President,False,2012-10-09,2015-10-08
ACT_EU_INST_CJEU_JUDG_AG_IT_TIZ,3,Court of Justice,Vice-President,False,2015-10-08,2018-10-08
ACT_EU_INST_CJEU_JUDG_AG_ES_SIL_LAP,2,Court of Justice,Vice-President,False,2018-10-09,2021-10-07
ACT_EU_INST_CJEU_JUDG_AG_DK_BAY_LAR,2,Court of Justice,Vice-President,False,2021-10-08,2024-10-06
ACT_EU_INST_CJEU_JUDG_AG_DE_DAN,2,Court of Justice,Vice-President,True,2024-10-07,
ACT_EU_INST_CJEU_JUDG_AG_BE_LEN,1,General Court,judge,False,1989-09-25,2003-10-06
ACT_EU_INST_CJEU_JUDG_AG_DE_KIR,1,General Court,judge,False,1989-09-25,1997-02-06
ACT_EU_INST_CJEU_JUDG_AG_DK_VES,1,General Court,judge,False,1989-09-25,2007-09-17
ACT_EU_INST_CJEU_JUDG_AG_EL_YER,1,General Court,judge,False,1989-09-25,1992-09-18
ACT_EU_INST_CJEU_JUDG_AG_ES_GAR_VAL_FER,1,General Court,judge,False,1989-09-25,2007-09-17
ACT_EU_INST_CJEU_JUDG_AG_FR_BIA,1,General Court,judge,False,1989-09-25,1995-09-18
ACT_EU_INST_CJEU_JUDG_AG_IE_BAR,1,General Court,judge,False,1989-09-25,1996-01-10
ACT_EU_INST_CJEU_JUDG_AG_IT_SAG,1,General Court,judge,False,1989-09-25,1998-03-04
ACT_EU_INST_CJEU_JUDG_AG_LU_SCHI,1,General Court,judge,False,1989-09-25,1996-07-11
ACT_EU_INST_CJEU_JUDG_AG_NL_BRI,1,General Court,judge,False,1989-09-25,1998-09-17
ACT_EU_INST_CJEU_JUDG_AG_PT_CRU_VIL,2,General Court,judge,False,1989-09-25,1995-09-18
ACT_EU_INST_CJEU_JUDG_AG_UK_EDW,1,General Court,judge,False,1989-09-25,1992-03-10
ACT_EU_INST_CJEU_JUDG_AG_UK_BEL,1,General Court,judge,False,1992-03-10,1999-12-15
ACT_EU_INST_CJEU_JUDG_AG_EL_KAL,1,General Court,judge,False,1992-09-18,1998-09-17
ACT_EU_INST_CJEU_JUDG_AG_AT_AZI,1,General Court,judge,False,1995-01-18,2013-09-16
ACT_EU_INST_CJEU_JUDG_AG_FI_TII,1,General Court,judge,False,1995-01-18,2009-10-06
ACT_EU_INST_CJEU_JUDG_AG_SE_LIN,1,General Court,judge,False,1995-01-18,2006-10-06
ACT_EU_INST_CJEU_JUDG_AG_FR_POT,1,General Court,judge,False,1995-09-18,2001-09-19
ACT_EU_INST_CJEU_JUDG_AG_PT_GEN_MOU_RAM,1,General Court,judge,False,1995-09-18,2003-03-31
ACT_EU_INST_CJEU_JUDG_AG_IE_COO,1,General Court,judge,False,1996-01-10,2008-09-15
ACT_EU_INST_CJEU_JUDG_AG_LU_JAE,1,General Court,judge,True,1996-07-11,
ACT_EU_INST_CJEU_JUDG_AG_DE_PIR,1,General Court,judge,False,1997-06-11,2007-09-17
ACT_EU_INST_CJEU_JUDG_AG_IT_MEN,1,General Court,judge,False,1998-03-04,2006-05-03
ACT_EU_INST_CJEU_JUDG_AG_EL_VIL,1,General Court,judge,False,1998-09-17,2010-10-25
ACT_EU_INST_CJEU_JUDG_AG_NL_MEI,1,General Court,judge,False,1998-09-17,2010-09-13
ACT_EU_INST_CJEU_JUDG_AG_UK_FORW,1,General Court,judge,False,1999-12-15,2015-10-07
ACT_EU_INST_CJEU_JUDG_AG_FR_LEGA,1,General Court,judge,False,2001-09-19,2007-09-17
ACT_EU_INST_CJEU_JUDG_AG_PT_MAR_NAZ_RIB,1,General Court,judge,False,2003-03-31,2016-09-19
ACT_EU_INST_CJEU_JUDG_AG_BE_DEH,1,General Court,judge,False,2003-10-06,2016-09-19
ACT_EU_INST_CJEU_JUDG_AG_CY_PAP,1,General Court,judge,True,2004-05-12,
ACT_EU_INST_CJEU_JUDG_AG_CZ_PEL,1,General Court,judge,False,2004-05-12,2019-09-26
ACT_EU_INST_CJEU_JUDG_AG_EE_JUR,1,General Court,judge,False,2004-05-12,2013-10-23
ACT_EU_INST_CJEU_JUDG_AG_HU_CZU,1,General Court,judge,False,2004-05-12,2016-09-19
ACT_EU_INST_CJEU_JUDG_AG_LT_VAD,1,General Court,judge,False,2004-05-12,2013-09-16
ACT_EU_INST_CJEU_JUDG_AG_LV_LAB,1,General Court,judge,False,2004-05-12,2020-02-25
ACT_EU_INST_CJEU_JUDG_AG_MT_CRE,1,General Court,judge,False,2004-05-12,2012-03-22
ACT_EU_INST_CJEU_JUDG_AG_PL_WIS_BIA,1,General Court,judge,False,2004-05-12,2016-09-19
ACT_EU_INST_CJEU_JUDG_AG_SK_SVA,1,General Court,judge,False,2004-05-12,2009-10-06
ACT_EU_INST_CJEU_JUDG_AG_SI_TRS,1,General Court,judge,False,2004-07-07,2006-10-06
ACT_EU_INST_CJEU_JUDG_AG_IT_MOA_MIL,1,General Court,judge,False,2006-05-03,2011-11-15
ACT_EU_INST_CJEU_JUDG_AG_SE_WAH,1,General Court,judge,False,2006-10-06,2012-11-28
ACT_EU_INST_CJEU_JUDG_AG_SI_PRE,1,General Court,judge,False,2006-10-06,2019-09-26
ACT_EU_INST_CJEU_JUDG_AG_BG_TCH,1,General Court,judge,False,2007-01-12,2010-06-29
ACT_EU_INST_CJEU_JUDG_AG_RO_CIU,1,General Court,judge,False,2007-01-12,2010-11-26
ACT_EU_INST_CJEU_JUDG_AG_DE_DIT,1,General Court,judge,False,2007-09-17,2019-09-26
ACT_EU_INST_CJEU_JUDG_AG_DK_FRI_NIE,1,General Court,judge,False,2007-09-17,2023-09-27
ACT_EU_INST_CJEU_JUDG_AG_ES_SOL_FRA,1,General Court,judge,False,2007-09-17,2013-09-16
ACT_EU_INST_CJEU_JUDG_AG_FR_TRU,1,General Court,judge,False,2007-09-17,2013-09-16
ACT_EU_INST_CJEU_JUDG_AG_IE_O_HIG_K,1,General Court,judge,False,2008-09-15,2013-09-16
ACT_EU_INST_CJEU_JUDG_AG_FI_KAN,2,General Court,judge,True,2009-10-06,
ACT_EU_INST_CJEU_JUDG_AG_SK_SCH,1,General Court,judge,False,2009-10-06,2022-08-31
ACT_EU_INST_CJEU_JUDG_AG_NL_WOU,1,General Court,judge,True,2010-09-13,
ACT_EU_INST_CJEU_JUDG_AG_EL_GRA,1,General Court,judge,False,2010-10-25,2021-10-07
ACT_EU_INST_CJEU_JUDG_AG_RO_POP,1,General Court,judge,False,2010-11-26,2016-09-19
ACT_EU_INST_CJEU_JUDG_AG_BG_KAN,1,General Court,judge,True,2011-09-19,
ACT_EU_INST_CJEU_JUDG_AG_IT_BER,1,General Court,judge,False,2012-09-17,2019-08-31
ACT_EU_INST_CJEU_JUDG_AG_MT_BUT,1,General Court,judge,True,2012-10-08,
ACT_EU_INST_CJEU_JUDG_AG_SE_WET,1,General Court,judge,False,2013-03-18,2016-09-19
ACT_EU_INST_CJEU_JUDG_AG_HR_TOM,1,General Court,judge,False,2013-07-04,2025-09-14
ACT_EU_INST_CJEU_JUDG_AG_AT_KRE,1,General Court,judge,False,2013-09-16,2022-09-15
ACT_EU_INST_CJEU_JUDG_AG_ES_ULL_RUB,1,General Court,judge,False,2013-09-16,2019-09-26
ACT_EU_INST_CJEU_JUDG_AG_FR_GER,2,General Court,judge,False,2013-09-16,2024-10-06
ACT_EU_INST_CJEU_JUDG_AG_IE_COL,1,General Court,judge,False,2013-09-16,2021-10-07
ACT_EU_INST_CJEU_JUDG_AG_LT_BIE,1,General Court,judge,False,2013-09-16,2019-09-26
ACT_EU_INST_CJEU_JUDG_AG_EE_MAD,1,General Court,judge,True,2013-10-23,
ACT_EU_INST_CJEU_JUDG_AG_UK_FORR,1,General Court,judge,False,2015-10-07,2020-01-31
ACT_EU_INST_CJEU_JUDG_AG_CY_MAR,1,General Court,judge,True,2016-04-13,
ACT_EU_INST_CJEU_JUDG_AG_EL_ILI,1,General Court,judge,False,2016-04-13,2022-09-15
ACT_EU_INST_CJEU_JUDG_AG_ES_CAL_SOT_IBA_MAR,1,General Court,judge,False,2016-04-13,2019-09-26
ACT_EU_INST_CJEU_JUDG_AG_HU_CSE,1,General Court,judge,False,2016-04-13,2021-10-07
ACT_EU_INST_CJEU_JUDG_AG_LT_VAL,1,General Court,judge,False,2016-04-13,2023-09-27
ACT_EU_INST_CJEU_JUDG_AG_LU_SPI,1,General Court,judge,False,2016-04-13,2024-10-06
ACT_EU_INST_CJEU_JUDG_AG_PL_POL,1,General Court,judge,False,2016-04-13,2016-08-31
ACT_EU_INST_CJEU_JUDG_AG_LV_REI,1,General Court,judge,True,2016-06-08,
ACT_EU_INST_CJEU_JUDG_AG_MT_XUE,1,General Court,judge,False,2016-06-08,2018-10-08
ACT_EU_INST_CJEU_JUDG_AG_SE_SCH,1,General Court,judge,False,2016-06-08,2025-06-15
ACT_EU_INST_CJEU_JUDG_AG_BE_NIH,1,General Court,judge,True,2016-09-19,
ACT_EU_INST_CJEU_JUDG_AG_BG_KOR,2,General Court,judge,True,2016-09-19,
ACT_EU_INST_CJEU_JUDG_AG_CZ_PAS,1,General Court,judge,False,2016-09-19,2020-10-06
ACT_EU_INST_CJEU_JUDG_AG_DK_SVE,2,General Court,judge,True,2016-09-19,
ACT_EU_INST_CJEU_JUDG_AG_HU_BER,1,General Court,judge,False,2016-09-19,2021-08-01
ACT_EU_INST_CJEU_JUDG_AG_IT_PERI,2,General Court,judge,False,2016-09-19,2019-09-26
ACT_EU_INST_CJEU_JUDG_AG_NL_BAR,2,General Court,judge,False,2016-09-19,2022-09-15
ACT_EU_INST_CJEU_JUDG_AG_PL_KOW_BAN,1,General Court,judge,False,2016-09-19,2022-08-31
ACT_EU_INST_CJEU_JUDG_AG_PT_COS,1,General Court,judge,True,2016-09-19,
ACT_EU_INST_CJEU_JUDG_AG_PT_SIL_PAS,1,General Court,judge,True,2016-09-19,
ACT_EU_INST_CJEU_JUDG_AG_RO_SPI_MAT,1,General Court,judge,False,2016-09-19,2021-10-07
ACT_EU_INST_CJEU_JUDG_AG_SE_OBE,1,General Court,judge,True,2016-09-19,
ACT_EU_INST_CJEU_JUDG_AG_IE_MAC_EOC,1,General Court,judge,True,2017-06-08,
ACT_EU_INST_CJEU_JUDG_AG_BE_BAE,1,General Court,judge,True,2017-10-04,
ACT_EU_INST_CJEU_JUDG_AG_MT_FRE,1,General Court,judge,True,2019-03-20,
ACT_EU_INST_CJEU_JUDG_AG_AT_HES,1,General Court,judge,True,2019-09-26,
ACT_EU_INST_CJEU_JUDG_AG_CZ_SKV_PEL,1,General Court,judge,True,2019-09-26,
ACT_EU_INST_CJEU_JUDG_AG_DE_LAI,1,General Court,judge,True,2019-09-26,
ACT_EU_INST_CJEU_JUDG_AG_DE_STE,1,General Court,judge,True,2019-09-26,
ACT_EU_INST_CJEU_JUDG_AG_EE_NOM,1,General Court,judge,True,2019-09-26,
ACT_EU_INST_CJEU_JUDG_AG_ES_MAR_PER_NAN,1,General Court,judge,True,2019-09-26,
ACT_EU_INST_CJEU_JUDG_AG_ES_SAM_PUC,1,General Court,judge,True,2019-09-26,
ACT_EU_INST_CJEU_JUDG_AG_FI_PYN,1,General Court,judge,True,2019-09-26,
ACT_EU_INST_CJEU_JUDG_AG_FR_TRU,2,General Court,judge,True,2019-09-26,
ACT_EU_INST_CJEU_JUDG_AG_HR_PER,1,General Court,judge,True,2019-09-26,
ACT_EU_INST_CJEU_JUDG_AG_IT_MAS,1,General Court,judge,False,2019-09-26,2025-09-14
ACT_EU_INST_CJEU_JUDG_AG_IT_POR,1,General Court,judge,False,2019-09-26,2025-09-14
ACT_EU_INST_CJEU_JUDG_AG_LT_NOR,1,General Court,judge,False,2019-09-26,2025-06-14
ACT_EU_INST_CJEU_JUDG_AG_RO_STA,1,General Court,judge,True,2019-09-26,
ACT_EU_INST_CJEU_JUDG_AG_CZ_PET,1,General Court,judge,True,2021-03-01,
ACT_EU_INST_CJEU_JUDG_AG_SI_BRK,1,General Court,judge,True,2021-07-06,
ACT_EU_INST_CJEU_JUDG_AG_LV_ZIL,1,General Court,judge,True,2021-09-27,
ACT_EU_INST_CJEU_JUDG_AG_HU_KEC,1,General Court,judge,True,2021-10-27,
ACT_EU_INST_CJEU_JUDG_AG_RO_GAL,1,General Court,judge,True,2021-10-27,
ACT_EU_INST_CJEU_JUDG_AG_EL_DIM,1,General Court,judge,True,2022-01-13,
ACT_EU_INST_CJEU_JUDG_AG_IE_KIN,1,General Court,judge,True,2022-01-13,
ACT_EU_INST_CJEU_JUDG_AG_SI_KUK,1,General Court,judge,True,2022-01-13,
ACT_EU_INST_CJEU_JUDG_AG_HU_TOT,1,General Court,judge,True,2022-07-06,
ACT_EU_INST_CJEU_JUDG_AG_SK_RIC,1,General Court,judge,False,2022-07-06,2022-08-31
ACT_EU_INST_CJEU_JUDG_AG_AT_TIC_FIS,1,General Court,judge,True,2022-09-15,
ACT_EU_INST_CJEU_JUDG_AG_EL_VAL,1,General Court,judge,True,2022-09-15,
ACT_EU_INST_CJEU_JUDG_AG_NL_VER,1,General Court,judge,True,2022-09-15,
ACT_EU_INST_CJEU_JUDG_AG_DK_SPA_GRO,1,General Court,judge,True,2023-09-27,
ACT_EU_INST_CJEU_JUDG_AG_LT_KAL,1,General Court,judge,True,2023-09-27,
ACT_EU_INST_CJEU_JUDG_AG_FR_CAS,1,General Court,judge,True,2024-10-07,
ACT_EU_INST_CJEU_JUDG_AG_LU_MEY,1,General Court,judge,True,2024-10-07,
ACT_EU_INST_CJEU_JUDG_AG_LT_JOC,1,General Court,judge,True,2025-06-15,
ACT_EU_INST_CJEU_JUDG_AG_SE_HET,1,General Court,judge,True,2025-06-16,
ACT_EU_INST_CJEU_JUDG_AG_HR_PAV,1,General Court,judge,True,2025-09-15,
ACT_EU_INST_CJEU_JUDG_AG_IT_BES,1,General Court,judge,True,2025-09-15,
ACT_EU_INST_CJEU_JUDG_AG_IT_PEZ,1,General Court,judge,True,2025-09-15,
ACT_EU_INST_CJEU_JUDG_AG_PT_CRU_VIL,3,General Court,President,False,1989-09-25,1995-09-18
ACT_EU_INST_CJEU_JUDG_AG_IT_SAG,2,General Court,President,False,1995-09-18,1998-03-04
ACT_EU_INST_CJEU_JUDG_AG_DK_VES,2,General Court,President,False,1998-03-04,2007-09-17
ACT_EU_INST_CJEU_JUDG_AG_LU_JAE,2,General Court,President,False,2007-09-17,2019-09-26
ACT_EU_INST_CJEU_JUDG_AG_NL_WOU,3,General Court,President,True,2019-09-27,
ACT_EU_INST_CJEU_JUDG_AG_FI_KAN,3,General Court,Vice-President,False,2013-09-17,2016-09-19
ACT_EU_INST_CJEU_JUDG_AG_NL_WOU,2,General Court,Vice-President,False,2016-09-20,2019-09-26
ACT_EU_INST_CJEU_JUDG_AG_CY_PAP,2,General Court,Vice-President,True,2019-09-27,
