original_proceeding_id,new_proceeding_id
PROC_CJ_1986_0179,PROC_GC_1989_0001
PROC_CJ_1986_0186,PROC_GC_1989_0002
PROC_CJ_1986_0189,PROC_GC_1989_0003
PROC_CJ_1986_0192,PROC_GC_1989_0004
PROC_CJ_1986_0194,PROC_GC_1989_0005
PROC_CJ_1986_0195,PROC_GC_1989_0006
PROC_CJ_1986_0196,PROC_GC_1989_0007
PROC_CJ_1986_0200,PROC_GC_1989_0008
PROC_CJ_1986_0205,PROC_GC_1989_0009
PROC_CJ_1986_0206,PROC_GC_1989_0010
PROC_CJ_1986_0210,PROC_GC_1989_0011
PROC_CJ_1986_0211,PROC_GC_1989_0012
PROC_CJ_1986_0212,PROC_GC_1989_0013
PROC_CJ_1986_0213,PROC_GC_1989_0014
PROC_CJ_1986_0219,PROC_GC_1989_0015
PROC_CJ_1986_0327,PROC_GC_1989_0016
PROC_CJ_1986_0328,PROC_GC_1989_0017
PROC_CJ_1987_0162,PROC_GC_1989_0018
PROC_CJ_1987_0163,PROC_GC_1989_0019
PROC_CJ_1987_0244,PROC_GC_1989_0020
PROC_CJ_1987_0295,PROC_GC_1989_0021
PROC_CJ_1987_0312,PROC_GC_1989_0022
PROC_CJ_1987_0336,PROC_GC_1989_0023
PROC_CJ_1987_0351,PROC_GC_1989_0024
PROC_CJ_1988_0042,PROC_GC_1989_0025
PROC_CJ_1988_0044,PROC_GC_1989_0026
PROC_CJ_1988_0057,PROC_GC_1989_0027
PROC_CJ_1988_0063,PROC_GC_1989_0028
PROC_CJ_1988_0096,PROC_GC_1989_0029
PROC_CJ_1988_0098,PROC_GC_1989_0030
PROC_CJ_1988_0121,PROC_GC_1989_0031
PROC_CJ_1988_0124,PROC_GC_1989_0032
PROC_CJ_1988_0127,PROC_GC_1989_0033
PROC_CJ_1988_0144,PROC_GC_1989_0034
PROC_CJ_1988_0148,PROC_GC_1989_0035
PROC_CJ_1988_0172,PROC_GC_1989_0036
PROC_CJ_1988_0176,PROC_GC_1989_0037
PROC_CJ_1988_0184,PROC_GC_1989_0038
PROC_CJ_1988_0187,PROC_GC_1989_0039
PROC_CJ_1988_0192,PROC_GC_1989_0040
PROC_CJ_1988_0211,PROC_GC_1989_0041
PROC_CJ_1988_0231,PROC_GC_1989_0042
PROC_CJ_1988_0237,PROC_GC_1989_0043
PROC_CJ_1988_0247,PROC_GC_1989_0044
PROC_CJ_1988_0252,PROC_GC_1989_0045
PROC_CJ_1988_0292,PROC_GC_1989_0046
PROC_CJ_1988_0317,PROC_GC_1989_0047
PROC_CJ_1988_0318,PROC_GC_1989_0048
PROC_CJ_1988_0319,PROC_GC_1989_0049
PROC_CJ_1988_0321,PROC_GC_1989_0050
PROC_CJ_1988_0327,PROC_GC_1989_0051
PROC_CJ_1988_0328,PROC_GC_1989_0052
PROC_CJ_1988_0334,PROC_GC_1989_0053
PROC_CJ_1988_0336,PROC_GC_1989_0054
PROC_CJ_1988_0338,PROC_GC_1989_0055
PROC_CJ_1988_0339,PROC_GC_1989_0056
PROC_CJ_1988_0340,PROC_GC_1989_0057
PROC_CJ_1988_0349,PROC_GC_1989_0058
PROC_CJ_1989_0003,PROC_GC_1989_0059
PROC_CJ_1989_0007,PROC_GC_1989_0060
PROC_CJ_1989_0013,PROC_GC_1989_0061
PROC_CJ_1989_0024,PROC_GC_1989_0062
PROC_CJ_1989_0036,PROC_GC_1989_0063
PROC_CJ_1989_0041,PROC_GC_1989_0064
PROC_CJ_1989_0050,PROC_GC_1989_0065
PROC_CJ_1989_0056,PROC_GC_1989_0066
PROC_CJ_1989_0065,PROC_GC_1989_0067
PROC_CJ_1989_0075,PROC_GC_1989_0068
PROC_CJ_1989_0076,PROC_GC_1989_0069
PROC_CJ_1989_0077,PROC_GC_1989_0070
PROC_CJ_1989_0078,PROC_GC_1989_0071
PROC_CJ_1989_0081,PROC_GC_1989_0072
PROC_CJ_1989_0082,PROC_GC_1989_0073
PROC_CJ_1989_0084,PROC_GC_1989_0074
PROC_CJ_1989_0089,PROC_GC_1989_0075
PROC_CJ_1989_0091,PROC_GC_1989_0076
PROC_CJ_1989_0097,PROC_GC_1989_0077
PROC_CJ_1989_0098,PROC_GC_1989_0078
PROC_CJ_1989_0102,PROC_GC_1989_0079
PROC_CJ_1989_0103,PROC_GC_1989_0080
PROC_CJ_1989_0114,PROC_GC_1989_0081
PROC_CJ_1989_0115,PROC_GC_1989_0082
PROC_CJ_1989_0120,PROC_GC_1989_0083
PROC_CJ_1989_0121,PROC_GC_1989_0084
PROC_CJ_1989_0122,PROC_GC_1989_0085
PROC_CJ_1989_0123,PROC_GC_1989_0086
PROC_CJ_1989_0124,PROC_GC_1989_0087
PROC_CJ_1989_0125,PROC_GC_1989_0088
PROC_CJ_1989_0126,PROC_GC_1989_0089
PROC_CJ_1989_0127,PROC_GC_1989_0090
PROC_CJ_1989_0129,PROC_GC_1989_0091
PROC_CJ_1989_0130,PROC_GC_1989_0092
PROC_CJ_1989_0131,PROC_GC_1989_0093
PROC_CJ_1989_0132,PROC_GC_1989_0094
PROC_CJ_1989_0133,PROC_GC_1989_0095
PROC_CJ_1989_0134,PROC_GC_1989_0096
PROC_CJ_1989_0135,PROC_GC_1989_0097
PROC_CJ_1989_0138,PROC_GC_1989_0098
PROC_CJ_1989_0139,PROC_GC_1989_0099
PROC_CJ_1989_0140,PROC_GC_1989_0100
PROC_CJ_1989_0141,PROC_GC_1989_0101
PROC_CJ_1989_0142,PROC_GC_1989_0102
PROC_CJ_1989_0143,PROC_GC_1989_0103
PROC_CJ_1989_0147,PROC_GC_1989_0104
PROC_CJ_1989_0148,PROC_GC_1989_0105
PROC_CJ_1989_0149,PROC_GC_1989_0106
PROC_CJ_1989_0150,PROC_GC_1989_0107
PROC_CJ_1989_0156,PROC_GC_1989_0108
PROC_CJ_1989_0160,PROC_GC_1989_0109
PROC_CJ_1989_0161,PROC_GC_1989_0110
PROC_CJ_1989_0164,PROC_GC_1989_0111
PROC_CJ_1989_0165,PROC_GC_1989_0112
PROC_CJ_1989_0166,PROC_GC_1989_0113
PROC_CJ_1989_0167,PROC_GC_1989_0114
PROC_CJ_1989_0171,PROC_GC_1989_0115
PROC_CJ_1989_0173,PROC_GC_1989_0116
PROC_CJ_1989_0175,PROC_GC_1989_0117
PROC_CJ_1989_0195,PROC_GC_1989_0118
PROC_CJ_1989_0199,PROC_GC_1989_0119
PROC_CJ_1989_0204,PROC_GC_1989_0120
PROC_CJ_1989_0206,PROC_GC_1989_0121
PROC_CJ_1989_0207,PROC_GC_1989_0122
PROC_CJ_1989_0211,PROC_GC_1989_0123
PROC_CJ_1989_0212,PROC_GC_1989_0124
PROC_CJ_1989_0220,PROC_GC_1989_0125
PROC_CJ_1989_0237,PROC_GC_1989_0126
PROC_CJ_1989_0242,PROC_GC_1989_0127
PROC_CJ_1989_0245,PROC_GC_1989_0128
PROC_CJ_1989_0253,PROC_GC_1989_0129
PROC_CJ_1989_0254,PROC_GC_1989_0130
PROC_CJ_1989_0259,PROC_GC_1989_0131
PROC_CJ_1989_0264,PROC_GC_1989_0132
PROC_CJ_1989_0267,PROC_GC_1989_0133
PROC_CJ_1989_0278,PROC_GC_1989_0134
PROC_CJ_1989_0286,PROC_GC_1989_0135
PROC_CJ_1989_0289,PROC_GC_1989_0136
PROC_CJ_1989_0296,PROC_GC_1989_0137
PROC_CJ_1989_0302,PROC_GC_1989_0138
PROC_CJ_1989_0303,PROC_GC_1989_0139
PROC_CJ_1989_0315,PROC_GC_1989_0140
PROC_CJ_1989_0316,PROC_GC_1989_0141
PROC_CJ_1989_0318,PROC_GC_1989_0142
PROC_CJ_1989_0320,PROC_GC_1989_0143
PROC_CJ_1989_0321,PROC_GC_1989_0144
PROC_CJ_1989_0322,PROC_GC_1989_0145
PROC_CJ_1989_0323,PROC_GC_1989_0146
PROC_CJ_1989_0325,PROC_GC_1989_0147
PROC_CJ_1989_0326,PROC_GC_1989_0148
PROC_CJ_1989_0327,PROC_GC_1989_0149
PROC_CJ_1989_0329,PROC_GC_1989_0150
PROC_CJ_1989_0333,PROC_GC_1989_0151
PROC_CJ_1989_0335,PROC_GC_1989_0152
PROC_CJ_1989_0336,PROC_GC_1989_0153
PROC_CJ_1990_0072,PROC_GC_1990_0028
PROC_CJ_1990_0094,PROC_GC_1993_0050
PROC_CJ_1990_0098,PROC_GC_1993_0051
PROC_CJ_1990_0099,PROC_GC_1993_0052
PROC_CJ_1990_0101,PROC_GC_1993_0053
PROC_CJ_1990_0102,PROC_GC_1993_0054
PROC_CJ_1990_0103,PROC_GC_1993_0055
PROC_CJ_1990_0108,PROC_GC_1993_0056
PROC_CJ_1990_0110,PROC_GC_1993_0057
PROC_CJ_1990_0111,PROC_GC_1993_0058
PROC_CJ_1990_0112,PROC_GC_1993_0059
PROC_CJ_1990_0116,PROC_GC_1993_0060
PROC_CJ_1990_0117,PROC_GC_1993_0061
PROC_CJ_1990_0118,PROC_GC_1993_0062
PROC_CJ_1990_0119,PROC_GC_1993_0063
PROC_CJ_1990_0123,PROC_GC_1993_0064
PROC_CJ_1990_0124,PROC_GC_1993_0065
PROC_CJ_1990_0125,PROC_GC_1993_0066
PROC_CJ_1990_0127,PROC_GC_1993_0067
PROC_CJ_1990_0128,PROC_GC_1993_0068
PROC_CJ_1990_0129,PROC_GC_1993_0069
PROC_CJ_1990_0130,PROC_GC_1993_0070
PROC_CJ_1990_0131,PROC_GC_1993_0071
PROC_CJ_1990_0133,PROC_GC_1993_0072
PROC_CJ_1990_0134,PROC_GC_1993_0073
PROC_CJ_1990_0135,PROC_GC_1993_0074
PROC_CJ_1990_0136,PROC_GC_1993_0075
PROC_CJ_1990_0137,PROC_GC_1993_0076
PROC_CJ_1990_0139,PROC_GC_1993_0077
PROC_CJ_1990_0140,PROC_GC_1993_0078
PROC_CJ_1990_0141,PROC_GC_1993_0079
PROC_CJ_1990_0142,PROC_GC_1993_0080
PROC_CJ_1990_0143,PROC_GC_1993_0081
PROC_CJ_1990_0144,PROC_GC_1993_0082
PROC_CJ_1990_0146,PROC_GC_1993_0083
PROC_CJ_1990_0147,PROC_GC_1993_0084
PROC_CJ_1990_0148,PROC_GC_1993_0085
PROC_CJ_1990_0149,PROC_GC_1993_0086
PROC_CJ_1990_0150,PROC_GC_1993_0087
PROC_CJ_1990_0153,PROC_GC_1993_0088
PROC_CJ_1990_0154,PROC_GC_1993_0089
PROC_CJ_1990_0156,PROC_GC_1993_0090
PROC_CJ_1990_0165,PROC_GC_1993_0091
PROC_CJ_1990_0166,PROC_GC_1993_0092
PROC_CJ_1990_0171,PROC_GC_1993_0093
PROC_CJ_1990_0172,PROC_GC_1993_0094
PROC_CJ_1990_0173,PROC_GC_1993_0095
PROC_CJ_1990_0174,PROC_GC_1993_0096
PROC_CJ_1990_0175,PROC_GC_1993_0097
PROC_CJ_1990_0178,PROC_GC_1993_0098
PROC_CJ_1990_0180,PROC_GC_1993_0099
PROC_CJ_1990_0187,PROC_GC_1993_0100
PROC_CJ_1990_0193,PROC_GC_1993_0101
PROC_CJ_1990_0207,PROC_GC_1993_0102
PROC_CJ_1990_0212,PROC_GC_1993_0103
PROC_CJ_1990_0216,PROC_GC_1993_0104
PROC_CJ_1990_0217,PROC_GC_1993_0105
PROC_CJ_1990_0218,PROC_GC_1993_0106
PROC_CJ_1990_0219,PROC_GC_1993_0107
PROC_CJ_1990_0220,PROC_GC_1993_0108
PROC_CJ_1990_0221,PROC_GC_1993_0109
PROC_CJ_1990_0222,PROC_GC_1993_0110
PROC_CJ_1990_0223,PROC_GC_1993_0111
PROC_CJ_1990_0224,PROC_GC_1993_0112
PROC_CJ_1990_0225,PROC_GC_1993_0113
PROC_CJ_1990_0226,PROC_GC_1993_0114
PROC_CJ_1990_0227,PROC_GC_1993_0115
PROC_CJ_1990_0241,PROC_GC_1993_0116
PROC_CJ_1990_0244,PROC_GC_1993_0117
PROC_CJ_1990_0245,PROC_GC_1993_0118
PROC_CJ_1990_0248,PROC_GC_1993_0119
PROC_CJ_1990_0254,PROC_GC_1993_0120
PROC_CJ_1990_0262,PROC_GC_1993_0121
PROC_CJ_1990_0265,PROC_GC_1993_0122
PROC_CJ_1990_0267,PROC_GC_1993_0123
PROC_CJ_1990_0270,PROC_GC_1993_0124
PROC_CJ_1990_0274,PROC_GC_1993_0125
PROC_CJ_1990_0275,PROC_GC_1993_0126
PROC_CJ_1990_0276,PROC_GC_1993_0127
PROC_CJ_1990_0277,PROC_GC_1993_0128
PROC_CJ_1990_0278,PROC_GC_1993_0129
PROC_CJ_1990_0279,PROC_GC_1993_0130
PROC_CJ_1990_0287,PROC_GC_1993_0131
PROC_CJ_1990_0288,PROC_GC_1993_0132
PROC_CJ_1990_0292,PROC_GC_1993_0133
PROC_CJ_1990_0293,PROC_GC_1993_0134
PROC_CJ_1990_0305,PROC_GC_1993_0135
PROC_CJ_1990_0314,PROC_GC_1993_0136
PROC_CJ_1990_0329,PROC_GC_1993_0137
PROC_CJ_1990_0341,PROC_GC_1993_0138
PROC_CJ_1990_0352,PROC_GC_1993_0139
PROC_CJ_1990_0367,PROC_GC_1993_0140
PROC_CJ_1990_0379,PROC_GC_1993_0141
PROC_CJ_1990_0380,PROC_GC_1993_0142
PROC_CJ_1990_0381,PROC_GC_1993_0143
PROC_CJ_1991_0001,PROC_GC_1993_0431
PROC_CJ_1991_0008,PROC_GC_1993_0144
PROC_CJ_1991_0061,PROC_GC_1993_0145
PROC_CJ_1991_0125,PROC_GC_1993_0146
PROC_CJ_1991_0154,PROC_GC_1993_0147
PROC_CJ_1991_0161,PROC_GC_1993_0244
PROC_CJ_1991_0167,PROC_GC_1993_0429
PROC_CJ_1991_0179,PROC_GC_1993_0148
PROC_CJ_1991_0223,PROC_GC_1994_0159
PROC_CJ_1991_0224,PROC_GC_1994_0160
PROC_CJ_1991_0252,PROC_GC_1993_0432
PROC_CJ_1991_0253,PROC_GC_1993_0433
PROC_CJ_1991_0254,PROC_GC_1993_0434
PROC_CJ_1991_0295,PROC_GC_1993_0435
PROC_CJ_1991_0298,PROC_GC_1993_0436
PROC_CJ_1991_0299,PROC_GC_1993_0437
PROC_CJ_1991_0300,PROC_GC_1993_0438
PROC_CJ_1991_0301,PROC_GC_1993_0439
PROC_CJ_1991_0302,PROC_GC_1993_0440
PROC_CJ_1991_0303,PROC_GC_1993_0441
PROC_CJ_1991_0305,PROC_GC_1993_0442
PROC_CJ_1991_0311,PROC_GC_1993_0443
PROC_CJ_1991_0315,PROC_GC_1993_0444
PROC_CJ_1991_0324,PROC_GC_1993_0445
PROC_CJ_1992_0003,PROC_GC_1993_0149
PROC_CJ_1992_0004,PROC_GC_1993_0150
PROC_CJ_1992_0005,PROC_GC_1993_0151
PROC_CJ_1992_0007,PROC_GC_1993_0446
PROC_CJ_1992_0061,PROC_GC_1994_0161
PROC_CJ_1992_0064,PROC_GC_1993_0152
PROC_CJ_1992_0097,PROC_GC_1993_0447
PROC_CJ_1992_0103,PROC_GC_1993_0153
PROC_CJ_1992_0104,PROC_GC_1993_0154
PROC_CJ_1992_0105,PROC_GC_1993_0448
PROC_CJ_1992_0106,PROC_GC_1993_0449
PROC_CJ_1992_0112,PROC_GC_1993_0155
PROC_CJ_1992_0122,PROC_GC_1993_0247
PROC_CJ_1992_0133,PROC_GC_1993_0156
PROC_CJ_1992_0138,PROC_GC_1993_0157
PROC_CJ_1992_0140,PROC_GC_1993_0248
PROC_CJ_1992_0141,PROC_GC_1993_0249
PROC_CJ_1992_0142,PROC_GC_1993_0250
PROC_CJ_1992_0143,PROC_GC_1993_0158
PROC_CJ_1992_0144,PROC_GC_1993_0159
PROC_CJ_1992_0145,PROC_GC_1993_0160
PROC_CJ_1992_0146,PROC_GC_1993_0161
PROC_CJ_1992_0147,PROC_GC_1993_0162
PROC_CJ_1992_0148,PROC_GC_1993_0163
PROC_CJ_1992_0149,PROC_GC_1993_0164
PROC_CJ_1992_0150,PROC_GC_1993_0165
PROC_CJ_1992_0151,PROC_GC_1993_0166
PROC_CJ_1992_0152,PROC_GC_1993_0167
PROC_CJ_1992_0153,PROC_GC_1993_0168
PROC_CJ_1992_0158,PROC_GC_1993_0169
PROC_CJ_1992_0159,PROC_GC_1993_0170
PROC_CJ_1992_0160,PROC_GC_1993_0251
PROC_CJ_1992_0161,PROC_GC_1993_0252
PROC_CJ_1992_0162,PROC_GC_1993_0253
PROC_CJ_1992_0163,PROC_GC_1993_0254
PROC_CJ_1992_0164,PROC_GC_1993_0255
PROC_CJ_1992_0165,PROC_GC_1993_0256
PROC_CJ_1992_0166,PROC_GC_1993_0257
PROC_CJ_1992_0167,PROC_GC_1993_0258
PROC_CJ_1992_0168,PROC_GC_1993_0259
PROC_CJ_1992_0169,PROC_GC_1993_0260
PROC_CJ_1992_0170,PROC_GC_1993_0261
PROC_CJ_1992_0171,PROC_GC_1993_0262
PROC_CJ_1992_0172,PROC_GC_1993_0263
PROC_CJ_1992_0173,PROC_GC_1993_0264
PROC_CJ_1992_0174,PROC_GC_1993_0265
PROC_CJ_1992_0175,PROC_GC_1993_0266
PROC_CJ_1992_0176,PROC_GC_1993_0267
PROC_CJ_1992_0177,PROC_GC_1993_0268
PROC_CJ_1992_0178,PROC_GC_1993_0269
PROC_CJ_1992_0179,PROC_GC_1993_0270
PROC_CJ_1992_0180,PROC_GC_1993_0271
PROC_CJ_1992_0181,PROC_GC_1993_0272
PROC_CJ_1992_0182,PROC_GC_1993_0273
PROC_CJ_1992_0183,PROC_GC_1993_0274
PROC_CJ_1992_0184,PROC_GC_1993_0171
PROC_CJ_1992_0185,PROC_GC_1993_0172
PROC_CJ_1992_0186,PROC_GC_1993_0173
PROC_CJ_1992_0187,PROC_GC_1993_0174
PROC_CJ_1992_0190,PROC_GC_1993_0275
PROC_CJ_1992_0191,PROC_GC_1993_0276
PROC_CJ_1992_0194,PROC_GC_1993_0175
PROC_CJ_1992_0195,PROC_GC_1993_0176
PROC_CJ_1992_0196,PROC_GC_1993_0177
PROC_CJ_1992_0197,PROC_GC_1993_0178
PROC_CJ_1992_0198,PROC_GC_1993_0179
PROC_CJ_1992_0201,PROC_GC_1993_0277
PROC_CJ_1992_0202,PROC_GC_1993_0278
PROC_CJ_1992_0204,PROC_GC_1993_0180
PROC_CJ_1992_0205,PROC_GC_1993_0181
PROC_CJ_1992_0206,PROC_GC_1993_0182
PROC_CJ_1992_0207,PROC_GC_1993_0183
PROC_CJ_1992_0208,PROC_GC_1993_0184
PROC_CJ_1992_0209,PROC_GC_1993_0185
PROC_CJ_1992_0210,PROC_GC_1993_0186
PROC_CJ_1992_0211,PROC_GC_1993_0187
PROC_CJ_1992_0212,PROC_GC_1993_0188
PROC_CJ_1992_0213,PROC_GC_1993_0189
PROC_CJ_1992_0214,PROC_GC_1993_0190
PROC_CJ_1992_0215,PROC_GC_1993_0191
PROC_CJ_1992_0216,PROC_GC_1993_0192
PROC_CJ_1992_0217,PROC_GC_1993_0193
PROC_CJ_1992_0218,PROC_GC_1993_0194
PROC_CJ_1992_0219,PROC_GC_1993_0195
PROC_CJ_1992_0220,PROC_GC_1993_0486
PROC_CJ_1992_0225,PROC_GC_1993_0279
PROC_CJ_1992_0226,PROC_GC_1993_0196
PROC_CJ_1992_0229,PROC_GC_1993_0197
PROC_CJ_1992_0230,PROC_GC_1993_0198
PROC_CJ_1992_0231,PROC_GC_1993_0199
PROC_CJ_1992_0232,PROC_GC_1993_0200
PROC_CJ_1992_0237,PROC_GC_1993_0201
PROC_CJ_1992_0238,PROC_GC_1993_0202
PROC_CJ_1992_0239,PROC_GC_1993_0203
PROC_CJ_1992_0240,PROC_GC_1993_0204
PROC_CJ_1992_0241,PROC_GC_1993_0205
PROC_CJ_1992_0242,PROC_GC_1993_0206
PROC_CJ_1992_0243,PROC_GC_1993_0207
PROC_CJ_1992_0246,PROC_GC_1993_0208
PROC_CJ_1992_0247,PROC_GC_1993_0209
PROC_CJ_1992_0252,PROC_GC_1993_0210
PROC_CJ_1992_0253,PROC_GC_1993_0211
PROC_CJ_1992_0254,PROC_GC_1993_0212
PROC_CJ_1992_0258,PROC_GC_1993_0213
PROC_CJ_1992_0259,PROC_GC_1993_0214
PROC_CJ_1992_0260,PROC_GC_1993_0215
PROC_CJ_1992_0261,PROC_GC_1993_0216
PROC_CJ_1992_0262,PROC_GC_1993_0217
PROC_CJ_1992_0263,PROC_GC_1993_0218
PROC_CJ_1992_0264,PROC_GC_1993_0218
PROC_CJ_1992_0265,PROC_GC_1993_0220
PROC_CJ_1992_0267,PROC_GC_1993_0221
PROC_CJ_1992_0268,PROC_GC_1993_0222
PROC_CJ_1992_0273,PROC_GC_1993_0223
PROC_CJ_1992_0274,PROC_GC_1993_0224
PROC_CJ_1992_0276,PROC_GC_1993_0225
PROC_CJ_1992_0277,PROC_GC_1993_0450
PROC_CJ_1992_0281,PROC_GC_1993_0226
PROC_CJ_1992_0282,PROC_GC_1993_0227
PROC_CJ_1992_0283,PROC_GC_1993_0228
PROC_CJ_1992_0289,PROC_GC_1993_0229
PROC_CJ_1992_0290,PROC_GC_1993_0230
PROC_CJ_1992_0298,PROC_GC_1993_0451
PROC_CJ_1992_0299,PROC_GC_1993_0231
PROC_CJ_1992_0300,PROC_GC_1993_0232
PROC_CJ_1992_0301,PROC_GC_1993_0233
PROC_CJ_1992_0302,PROC_GC_1993_0234
PROC_CJ_1992_0306,PROC_GC_1993_0235
PROC_CJ_1992_0307,PROC_GC_1993_0236
PROC_CJ_1992_0308,PROC_GC_1993_0237
PROC_CJ_1992_0309,PROC_GC_1993_0238
PROC_CJ_1992_0310,PROC_GC_1993_0239
PROC_CJ_1992_0311,PROC_GC_1993_0240
PROC_CJ_1992_0329,PROC_GC_1993_0452
PROC_CJ_1992_0330,PROC_GC_1993_0453
PROC_CJ_1992_0336,PROC_GC_1993_0241
PROC_CJ_1992_0337,PROC_GC_1993_0280
PROC_CJ_1992_0341,PROC_GC_1993_0242
PROC_CJ_1992_0346,PROC_GC_1994_0162
PROC_CJ_1992_0355,PROC_GC_1993_0454
PROC_CJ_1992_0356,PROC_GC_1993_0455
PROC_CJ_1992_0357,PROC_GC_1993_0456
PROC_CJ_1992_0366,PROC_GC_1993_0243
PROC_CJ_1992_0370,PROC_GC_1993_0457
PROC_CJ_1992_0380,PROC_GC_1993_0458
PROC_CJ_1992_0390,PROC_GC_1993_0459
PROC_CJ_1992_0395,PROC_GC_1993_0460
PROC_CJ_1992_0407,PROC_GC_1993_0461
PROC_CJ_1992_0423,PROC_GC_1994_0163
PROC_CJ_1992_0424,PROC_GC_1993_0032
PROC_CJ_1992_0436,PROC_GC_1993_0462
PROC_CJ_1992_0437,PROC_GC_1993_0463
PROC_CJ_1993_0004,PROC_GC_1993_0245
PROC_CJ_1993_0006,PROC_GC_1993_0464
PROC_CJ_1993_0008,PROC_GC_1994_0164
PROC_CJ_1993_0010,PROC_GC_1994_0165
PROC_CJ_1993_0026,PROC_GC_1993_0465
PROC_CJ_1993_0027,PROC_GC_1993_0430
PROC_CJ_1993_0036,PROC_GC_1993_0466
PROC_CJ_1993_0049,PROC_GC_1993_0281
PROC_CJ_1993_0059,PROC_GC_1993_0467
PROC_CJ_1993_0066,PROC_GC_1993_0468
PROC_CJ_1993_0067,PROC_GC_1993_0469
PROC_CJ_1993_0079,PROC_GC_1993_0470
PROC_CJ_1993_0080,PROC_GC_1993_0471
PROC_CJ_1993_0081,PROC_GC_1993_0282
PROC_CJ_1993_0082,PROC_GC_1993_0283
PROC_CJ_1993_0083,PROC_GC_1993_0284
PROC_CJ_1993_0084,PROC_GC_1993_0285
PROC_CJ_1993_0085,PROC_GC_1993_0286
PROC_CJ_1993_0086,PROC_GC_1993_0287
PROC_CJ_1993_0087,PROC_GC_1993_0288
PROC_CJ_1993_0088,PROC_GC_1993_0289
PROC_CJ_1993_0089,PROC_GC_1993_0290
PROC_CJ_1993_0090,PROC_GC_1993_0291
PROC_CJ_1993_0091,PROC_GC_1993_0292
PROC_CJ_1993_0092,PROC_GC_1993_0293
PROC_CJ_1993_0093,PROC_GC_1993_0294
PROC_CJ_1993_0094,PROC_GC_1993_0295
PROC_CJ_1993_0095,PROC_GC_1993_0296
PROC_CJ_1993_0096,PROC_GC_1993_0297
PROC_CJ_1993_0097,PROC_GC_1993_0298
PROC_CJ_1993_0098,PROC_GC_1993_0299
PROC_CJ_1993_0099,PROC_GC_1993_0300
PROC_CJ_1993_0100,PROC_GC_1993_0301
PROC_CJ_1993_0101,PROC_GC_1993_0302
PROC_CJ_1993_0102,PROC_GC_1993_0303
PROC_CJ_1993_0103,PROC_GC_1993_0304
PROC_CJ_1993_0105,PROC_GC_1993_0472
PROC_CJ_1993_0106,PROC_GC_1993_0473
PROC_CJ_1993_0108,PROC_GC_1993_0305
PROC_CJ_1993_0109,PROC_GC_1993_0306
PROC_CJ_1993_0110,PROC_GC_1993_0307
PROC_CJ_1993_0111,PROC_GC_1993_0308
PROC_CJ_1993_0112,PROC_GC_1993_0309
PROC_CJ_1993_0113,PROC_GC_1993_0310
PROC_CJ_1993_0114,PROC_GC_1993_0311
PROC_CJ_1993_0115,PROC_GC_1993_0312
PROC_CJ_1993_0116,PROC_GC_1993_0313
PROC_CJ_1993_0117,PROC_GC_1993_0314
PROC_CJ_1993_0118,PROC_GC_1993_0315
PROC_CJ_1993_0119,PROC_GC_1993_0316
PROC_CJ_1993_0120,PROC_GC_1993_0317
PROC_CJ_1993_0121,PROC_GC_1993_0318
PROC_CJ_1993_0122,PROC_GC_1993_0319
PROC_CJ_1993_0123,PROC_GC_1993_0320
PROC_CJ_1993_0124,PROC_GC_1993_0321
PROC_CJ_1993_0125,PROC_GC_1993_0322
PROC_CJ_1993_0126,PROC_GC_1993_0323
PROC_CJ_1993_0129,PROC_GC_1993_0474
PROC_CJ_1993_0137,PROC_GC_1993_0324
PROC_CJ_1993_0138,PROC_GC_1993_0325
PROC_CJ_1993_0139,PROC_GC_1993_0326
PROC_CJ_1993_0140,PROC_GC_1993_0327
PROC_CJ_1993_0141,PROC_GC_1993_0328
PROC_CJ_1993_0142,PROC_GC_1993_0329
PROC_CJ_1993_0145,PROC_GC_1993_0475
PROC_CJ_1993_0147,PROC_GC_1993_0476
PROC_CJ_1993_0152,PROC_GC_1993_0477
PROC_CJ_1993_0157,PROC_GC_1993_0330
PROC_CJ_1993_0158,PROC_GC_1993_0331
PROC_CJ_1993_0159,PROC_GC_1993_0332
PROC_CJ_1993_0160,PROC_GC_1993_0333
PROC_CJ_1993_0161,PROC_GC_1993_0334
PROC_CJ_1993_0162,PROC_GC_1993_0335
PROC_CJ_1993_0163,PROC_GC_1993_0336
PROC_CJ_1993_0164,PROC_GC_1993_0337
PROC_CJ_1993_0165,PROC_GC_1993_0338
PROC_CJ_1993_0166,PROC_GC_1993_0339
PROC_CJ_1993_0167,PROC_GC_1993_0478
PROC_CJ_1993_0169,PROC_GC_1993_0340
PROC_CJ_1993_0170,PROC_GC_1993_0341
PROC_CJ_1993_0171,PROC_GC_1993_0342
PROC_CJ_1993_0172,PROC_GC_1993_0343
PROC_CJ_1993_0173,PROC_GC_1993_0344
PROC_CJ_1993_0174,PROC_GC_1993_0345
PROC_CJ_1993_0175,PROC_GC_1993_0346
PROC_CJ_1993_0176,PROC_GC_1993_0347
PROC_CJ_1993_0177,PROC_GC_1993_0348
PROC_CJ_1993_0178,PROC_GC_1993_0349
PROC_CJ_1993_0179,PROC_GC_1993_0350
PROC_CJ_1993_0180,PROC_GC_1993_0351
PROC_CJ_1993_0181,PROC_GC_1993_0352
PROC_CJ_1993_0182,PROC_GC_1993_0353
PROC_CJ_1993_0183,PROC_GC_1993_0354
PROC_CJ_1993_0184,PROC_GC_1993_0355
PROC_CJ_1993_0185,PROC_GC_1993_0356
PROC_CJ_1993_0188,PROC_GC_1993_0357
PROC_CJ_1993_0189,PROC_GC_1993_0358
PROC_CJ_1993_0190,PROC_GC_1993_0359
PROC_CJ_1993_0191,PROC_GC_1993_0360
PROC_CJ_1993_0192,PROC_GC_1993_0361
PROC_CJ_1993_0193,PROC_GC_1993_0362
PROC_CJ_1993_0194,PROC_GC_1993_0363
PROC_CJ_1993_0195,PROC_GC_1993_0364
PROC_CJ_1993_0196,PROC_GC_1993_0365
PROC_CJ_1993_0197,PROC_GC_1993_0366
PROC_CJ_1993_0198,PROC_GC_1993_0367
PROC_CJ_1993_0199,PROC_GC_1993_0368
PROC_CJ_1993_0200,PROC_GC_1993_0369
PROC_CJ_1993_0201,PROC_GC_1993_0370
PROC_CJ_1993_0202,PROC_GC_1993_0371
PROC_CJ_1993_0203,PROC_GC_1993_0372
PROC_CJ_1993_0204,PROC_GC_1993_0373
PROC_CJ_1993_0205,PROC_GC_1993_0374
PROC_CJ_1993_0206,PROC_GC_1993_0375
PROC_CJ_1993_0207,PROC_GC_1993_0376
PROC_CJ_1993_0208,PROC_GC_1993_0377
PROC_CJ_1993_0209,PROC_GC_1993_0378
PROC_CJ_1993_0210,PROC_GC_1993_0379
PROC_CJ_1993_0211,PROC_GC_1993_0380
PROC_CJ_1993_0212,PROC_GC_1993_0381
PROC_CJ_1993_0213,PROC_GC_1993_0382
PROC_CJ_1993_0214,PROC_GC_1993_0383
PROC_CJ_1993_0215,PROC_GC_1993_0384
PROC_CJ_1993_0216,PROC_GC_1993_0385
PROC_CJ_1993_0217,PROC_GC_1993_0386
PROC_CJ_1993_0218,PROC_GC_1993_0387
PROC_CJ_1993_0219,PROC_GC_1993_0388
PROC_CJ_1993_0220,PROC_GC_1993_0389
PROC_CJ_1993_0221,PROC_GC_1993_0390
PROC_CJ_1993_0222,PROC_GC_1993_0391
PROC_CJ_1993_0223,PROC_GC_1993_0392
PROC_CJ_1993_0224,PROC_GC_1993_0393
PROC_CJ_1993_0225,PROC_GC_1993_0394
PROC_CJ_1993_0226,PROC_GC_1993_0395
PROC_CJ_1993_0227,PROC_GC_1993_0396
PROC_CJ_1993_0228,PROC_GC_1993_0397
PROC_CJ_1993_0229,PROC_GC_1993_0398
PROC_CJ_1993_0230,PROC_GC_1993_0399
PROC_CJ_1993_0231,PROC_GC_1993_0400
PROC_CJ_1993_0232,PROC_GC_1993_0401
PROC_CJ_1993_0233,PROC_GC_1993_0402
PROC_CJ_1993_0234,PROC_GC_1993_0403
PROC_CJ_1993_0235,PROC_GC_1993_0404
PROC_CJ_1993_0236,PROC_GC_1993_0405
PROC_CJ_1993_0237,PROC_GC_1993_0406
PROC_CJ_1993_0238,PROC_GC_1993_0407
PROC_CJ_1993_0239,PROC_GC_1993_0408
PROC_CJ_1993_0240,PROC_GC_1993_0409
PROC_CJ_1993_0241,PROC_GC_1993_0410
PROC_CJ_1993_0242,PROC_GC_1993_0411
PROC_CJ_1993_0243,PROC_GC_1993_0412
PROC_CJ_1993_0244,PROC_GC_1993_0413
PROC_CJ_1993_0245,PROC_GC_1993_0414
PROC_CJ_1993_0246,PROC_GC_1993_0415
PROC_CJ_1993_0247,PROC_GC_1993_0416
PROC_CJ_1993_0248,PROC_GC_1993_0417
PROC_CJ_1993_0249,PROC_GC_1993_0418
PROC_CJ_1993_0250,PROC_GC_1993_0419
PROC_CJ_1993_0251,PROC_GC_1993_0420
PROC_CJ_1993_0252,PROC_GC_1993_0421
PROC_CJ_1993_0253,PROC_GC_1993_0422
PROC_CJ_1993_0254,PROC_GC_1993_0423
PROC_CJ_1993_0256,PROC_GC_1993_0516
PROC_CJ_1993_0257,PROC_GC_1993_0517
PROC_CJ_1993_0259,PROC_GC_1993_0424
PROC_CJ_1993_0262,PROC_GC_1993_0518
PROC_CJ_1993_0263,PROC_GC_1994_0166
PROC_CJ_1993_0264,PROC_GC_1993_0246
PROC_CJ_1993_0270,PROC_GC_1993_0479
PROC_CJ_1993_0271,PROC_GC_1993_0480
PROC_CJ_1993_0272,PROC_GC_1993_0481
PROC_CJ_1993_0273,PROC_GC_1993_0482
PROC_CJ_1993_0281,PROC_GC_1993_0483
PROC_CJ_1993_0282,PROC_GC_1993_0519
PROC_CJ_1993_0283,PROC_GC_1993_0520
PROC_CJ_1993_0286,PROC_GC_1993_0521
PROC_CJ_1993_0305,PROC_GC_1993_0484
PROC_CJ_1993_0311,PROC_GC_1993_0485
PROC_CJ_1993_0326,PROC_GC_1994_0167
PROC_CJ_1993_0330,PROC_GC_1993_0487
PROC_CJ_1993_0332,PROC_GC_1993_0425
PROC_CJ_1993_0333,PROC_GC_1993_0426
PROC_CJ_1993_0335,PROC_GC_1993_0488
PROC_CJ_1993_0337,PROC_GC_1993_0489
PROC_CJ_1993_0339,PROC_GC_1993_0490
PROC_CJ_1993_0343,PROC_GC_1993_0491
PROC_CJ_1993_0344,PROC_GC_1993_0492
PROC_CJ_1993_0354,PROC_GC_1993_0493
PROC_CJ_1993_0357,PROC_GC_1993_0494
PROC_CJ_1993_0361,PROC_GC_1993_0427
PROC_CJ_1993_0366,PROC_GC_1993_0428
PROC_CJ_1993_0386,PROC_GC_1994_0168
PROC_CJ_1993_0388,PROC_GC_1994_0169
PROC_CJ_1993_0477,PROC_GC_1994_0170
PROC_CJ_1994_0006,PROC_GC_1994_0171
PROC_CJ_1994_0088,PROC_GC_1994_0172
PROC_CJ_2001_0197,PROC_GC_2004_0216
PROC_CJ_2001_0325,PROC_GC_2004_0217
PROC_CJ_2001_0368,PROC_GC_2004_0218
PROC_CJ_2001_0407,PROC_GC_2004_0227
PROC_CJ_2002_0165,PROC_GC_2005_0099
PROC_CJ_2002_0290,PROC_GC_2004_0222
PROC_CJ_2002_0314,PROC_GC_2004_0228
PROC_CJ_2003_0280,PROC_GC_2004_0245
PROC_CJ_2003_0388,PROC_GC_2004_0233
PROC_CJ_2003_0401,PROC_GC_2004_0223
PROC_CJ_2003_0430,PROC_GC_2004_0224
PROC_CJ_2003_0455,PROC_GC_2004_0240
PROC_CJ_2003_0464,PROC_GC_2004_0219
PROC_CJ_2003_0492,PROC_GC_2004_0235
PROC_CJ_2004_0060,PROC_GC_2004_0225
PROC_CJ_2004_0102,PROC_GC_2004_0229
PROC_CJ_2004_0103,PROC_GC_2004_0234
PROC_CJ_2004_0162,PROC_GC_2004_0230
PROC_CJ_2004_0175,PROC_GC_2004_0220
PROC_CJ_2004_0176,PROC_GC_2004_0221
PROC_CJ_2004_0189,PROC_GC_2004_0231
PROC_CJ_2004_0211,PROC_GC_2004_0226
PROC_CJ_2004_0218,PROC_GC_2004_0232
PROC_CJ_2010_0234,PROC_GC_2010_0113
PROC_GC_2004_0408,PROC_CST_2005_0002
PROC_GC_2004_0419,PROC_CST_2005_0003
PROC_GC_2004_0438,PROC_CST_2005_0004
PROC_GC_2005_0022,PROC_CST_2005_0005
PROC_GC_2005_0054,PROC_CST_2005_0006
PROC_GC_2005_0114,PROC_CST_2005_0008
PROC_GC_2005_0116,PROC_CST_2005_0009
PROC_GC_2005_0123,PROC_CST_2005_0011
PROC_GC_2005_0124,PROC_CST_2005_0012
PROC_GC_2005_0126,PROC_CST_2005_0013
PROC_GC_2005_0130,PROC_CST_2005_0014
PROC_GC_2005_0131,PROC_CST_2005_0015
PROC_GC_2005_0132,PROC_CST_2005_0016
PROC_GC_2005_0145,PROC_CST_2005_0017
PROC_GC_2005_0147,PROC_CST_2005_0018
PROC_GC_2005_0153,PROC_CST_2005_0019
PROC_GC_2005_0164,PROC_CST_2005_0021
PROC_GC_2005_0165,PROC_CST_2005_0022
PROC_GC_2005_0169,PROC_CST_2005_0023
PROC_GC_2005_0170,PROC_CST_2005_0024
PROC_GC_2005_0180,PROC_CST_2005_0001
PROC_GC_2005_0184,PROC_CST_2005_0025
PROC_GC_2005_0188,PROC_CST_2005_0026
PROC_GC_2005_0191,PROC_CST_2005_0027
PROC_GC_2005_0192,PROC_CST_2005_0028
PROC_GC_2005_0196,PROC_CST_2005_0029
PROC_GC_2005_0197,PROC_CST_2005_0030
PROC_GC_2005_0200,PROC_CST_2005_0031
PROC_GC_2005_0201,PROC_CST_2005_0032
PROC_GC_2005_0202,PROC_CST_2005_0033
PROC_GC_2005_0204,PROC_CST_2005_0034
PROC_GC_2005_0206,PROC_CST_2005_0035
PROC_GC_2005_0207,PROC_CST_2005_0036
PROC_GC_2005_0208,PROC_CST_2005_0037
PROC_GC_2005_0213,PROC_CST_2005_0038
PROC_GC_2005_0215,PROC_CST_2005_0039
PROC_GC_2005_0219,PROC_CST_2005_0040
PROC_GC_2005_0220,PROC_CST_2005_0041
PROC_GC_2005_0222,PROC_CST_2005_0042
PROC_GC_2005_0224,PROC_CST_2005_0043
PROC_GC_2005_0225,PROC_CST_2005_0044
PROC_GC_2005_0226,PROC_CST_2005_0045
PROC_GC_2005_0227,PROC_CST_2005_0046
PROC_GC_2005_0228,PROC_CST_2005_0047
PROC_GC_2005_0232,PROC_CST_2005_0048
PROC_GC_2005_0234,PROC_CST_2005_0049
PROC_GC_2005_0235,PROC_CST_2005_0050
PROC_GC_2005_0249,PROC_CST_2005_0051
PROC_GC_2005_0252,PROC_CST_2005_0052
PROC_GC_2005_0253,PROC_CST_2005_0053
PROC_GC_2005_0256,PROC_CST_2005_0054
PROC_GC_2005_0258,PROC_CST_2005_0055
PROC_GC_2005_0260,PROC_CST_2005_0056
PROC_GC_2005_0261,PROC_CST_2005_0057
PROC_GC_2005_0265,PROC_CST_2005_0058
PROC_GC_2005_0267,PROC_CST_2005_0059
PROC_GC_2005_0268,PROC_CST_2005_0060
PROC_GC_2005_0269,PROC_CST_2005_0061
PROC_GC_2005_0270,PROC_CST_2005_0062
PROC_GC_2005_0271,PROC_CST_2005_0063
PROC_GC_2005_0272,PROC_CST_2005_0064
PROC_GC_2005_0282,PROC_CST_2005_0065
PROC_GC_2005_0283,PROC_CST_2005_0066
PROC_GC_2005_0284,PROC_CST_2005_0067
PROC_GC_2005_0285,PROC_CST_2005_0068
PROC_GC_2005_0287,PROC_CST_2005_0069
PROC_GC_2005_0288,PROC_CST_2005_0070
PROC_GC_2005_0289,PROC_CST_2005_0071
PROC_GC_2005_0291,PROC_CST_2005_0072
PROC_GC_2005_0292,PROC_CST_2005_0073
PROC_GC_2005_0293,PROC_CST_2005_0074
PROC_GC_2005_0294,PROC_CST_2005_0075
PROC_GC_2005_0302,PROC_CST_2005_0076
PROC_GC_2005_0305,PROC_CST_2005_0077
PROC_GC_2005_0311,PROC_CST_2005_0078
PROC_GC_2005_0314,PROC_CST_2005_0079
PROC_GC_2005_0318,PROC_CST_2005_0080
PROC_GC_2005_0320,PROC_CST_2005_0081
PROC_GC_2005_0327,PROC_CST_2005_0082
PROC_GC_2005_0333,PROC_CST_2005_0083
PROC_GC_2005_0334,PROC_CST_2005_0084
PROC_GC_2005_0335,PROC_CST_2005_0085
PROC_GC_2005_0336,PROC_CST_2005_0086
PROC_GC_2005_0349,PROC_CST_2005_0087
PROC_GC_2005_0353,PROC_CST_2005_0088
PROC_GC_2005_0355,PROC_CST_2005_0089
PROC_GC_2005_0356,PROC_CST_2005_0090
PROC_GC_2005_0359,PROC_CST_2005_0091
PROC_GC_2005_0361,PROC_CST_2005_0092
PROC_GC_2005_0365,PROC_CST_2005_0093
PROC_GC_2005_0374,PROC_CST_2005_0094
PROC_GC_2005_0377,PROC_CST_2005_0095
PROC_GC_2005_0378,PROC_CST_2005_0096
PROC_GC_2005_0380,PROC_CST_2005_0097
PROC_GC_2005_0381,PROC_CST_2005_0098
PROC_GC_2005_0386,PROC_CST_2005_0099
PROC_GC_2005_0387,PROC_CST_2005_0100
PROC_GC_2005_0388,PROC_CST_2005_0101
PROC_GC_2005_0389,PROC_CST_2005_0102
PROC_GC_2005_0393,PROC_CST_2005_0103
PROC_GC_2005_0394,PROC_CST_2005_0104
PROC_GC_2005_0399,PROC_CST_2005_0105
PROC_GC_2005_0400,PROC_CST_2005_0106
PROC_GC_2005_0401,PROC_CST_2005_0107
PROC_GC_2005_0406,PROC_CST_2005_0108
PROC_GC_2005_0408,PROC_CST_2005_0109
PROC_GC_2005_0410,PROC_CST_2005_0110
PROC_GC_2005_0413,PROC_CST_2005_0111
PROC_GC_2005_0419,PROC_CST_2005_0112
PROC_GC_2005_0421,PROC_CST_2005_0113
PROC_GC_2005_0422,PROC_CST_2005_0114
PROC_GC_2005_0427,PROC_CST_2005_0115
PROC_GC_2005_0431,PROC_CST_2005_0116
PROC_GC_2005_0433,PROC_CST_2005_0117
PROC_CST_2009_0096_RENV,PROC_GC_2016_0481_RENV
PROC_CST_2010_0034_RENV_RX,PROC_GC_2016_0482_RENV_RX
PROC_CST_2010_0043_RENV,PROC_GC_2016_0483_RENV
PROC_CST_2011_0003_DEP,PROC_GC_2016_0484_DEP
PROC_CST_2011_0040_DEP,PROC_GC_2016_0485_DEP
PROC_CST_2011_0044_DEP,PROC_GC_2016_0486_DEP
PROC_CST_2011_0058,PROC_GC_2016_0487
PROC_CST_2011_0099_DEP,PROC_GC_2016_0488_DEP
PROC_CST_2011_0100_DEP,PROC_GC_2016_0489_DEP
PROC_CST_2011_0102_DEP,PROC_GC_2016_0490_DEP
PROC_CST_2011_0113_DEP,PROC_GC_2016_0491_DEP
PROC_CST_2011_0119_DEP,PROC_GC_2016_0492_DEP
PROC_CST_2011_0132_DEP,PROC_GC_2016_0493_DEP
PROC_CST_2011_0141_DEP,PROC_GC_2016_0494_DEP
PROC_CST_2016_0002_RENV,PROC_GC_2016_0495_RENV
PROC_CST_2016_0002_RENV_II,PROC_GC_2016_0495_RENV_II
PROC_CST_2012_0003_DEP,PROC_GC_2016_0496_DEP
PROC_CST_2012_0017_DEP,PROC_GC_2016_0497_DEP
PROC_CST_2012_0071,PROC_GC_2016_0500
PROC_CST_2012_0132,PROC_GC_2016_0502
PROC_CST_2013_0015,PROC_GC_2016_0503
PROC_CST_2013_0041,PROC_GC_2016_0504
PROC_CST_2013_0043,PROC_GC_2016_0505
PROC_CST_2013_0045,PROC_GC_2016_0506
PROC_CST_2013_0051,PROC_GC_2016_0507
PROC_CST_2013_0061,PROC_GC_2016_0508
PROC_CST_2013_0072,PROC_GC_2016_0509
PROC_CST_2014_0008,PROC_GC_2016_0510
PROC_CST_2014_0023,PROC_GC_2016_0511
PROC_CST_2014_0035,PROC_GC_2016_0512
PROC_CST_2014_0059_DEP,PROC_GC_2016_0513_DEP
PROC_CST_2014_0074,PROC_GC_2016_0514
PROC_CST_2014_0077,PROC_GC_2016_0515
PROC_CST_2014_0085,PROC_GC_2016_0516
PROC_CST_2014_0086,PROC_GC_2016_0517
PROC_CST_2014_0088,PROC_GC_2016_0518
PROC_CST_2014_0091_DISS,PROC_GC_2016_0519
PROC_CST_2014_0093,PROC_GC_2016_0520
PROC_CST_2014_0098,PROC_GC_2016_0521
PROC_CST_2014_0099,PROC_GC_2016_0522
PROC_CST_2014_0100,PROC_GC_2016_0523
PROC_CST_2014_0106,PROC_GC_2016_0524
PROC_CST_2014_0111,PROC_GC_2016_0525
PROC_CST_2014_0113,PROC_GC_2016_0526
PROC_CST_2014_0121,PROC_GC_2016_0527
PROC_CST_2014_0122,PROC_GC_2016_0528
PROC_CST_2014_0123,PROC_GC_2016_0529
PROC_CST_2015_0004,PROC_GC_2016_0530
PROC_CST_2015_0007,PROC_GC_2016_0531
PROC_CST_2015_0008,PROC_GC_2016_0532
PROC_CST_2015_0010,PROC_GC_2016_0533
PROC_CST_2015_0011,PROC_GC_2016_0534
PROC_CST_2015_0012,PROC_GC_2016_0535
PROC_CST_2015_0013,PROC_GC_2016_0536
PROC_CST_2015_0014,PROC_GC_2016_0537
PROC_CST_2015_0015,PROC_GC_2016_0538
PROC_CST_2015_0016,PROC_GC_2016_0539
PROC_CST_2015_0018,PROC_GC_2016_0540
PROC_CST_2015_0022,PROC_GC_2016_0541
PROC_CST_2015_0027,PROC_GC_2016_0542
PROC_CST_2015_0031,PROC_GC_2016_0543
PROC_CST_2015_0032,PROC_GC_2016_0544
PROC_CST_2015_0036,PROC_GC_2016_0545
PROC_CST_2015_0042,PROC_GC_2016_0546
PROC_CST_2015_0053,PROC_GC_2016_0547
PROC_CST_2015_0063,PROC_GC_2016_0548
PROC_CST_2015_0064,PROC_GC_2016_0549
PROC_CST_2015_0065,PROC_GC_2016_0550
PROC_CST_2015_0074,PROC_GC_2016_0551
PROC_CST_2015_0075,PROC_GC_2016_0552
PROC_CST_2015_0078,PROC_GC_2016_0553
PROC_CST_2015_0079,PROC_GC_2016_0554
PROC_CST_2015_0086,PROC_GC_2016_0555
PROC_CST_2015_0089,PROC_GC_2016_0556
PROC_CST_2015_0097,PROC_GC_2016_0557
PROC_CST_2015_0099,PROC_GC_2016_0558
PROC_CST_2015_0101,PROC_GC_2016_0559
PROC_CST_2015_0116,PROC_GC_2016_0560
PROC_CST_2015_0117,PROC_GC_2016_0561
PROC_CST_2015_0119,PROC_GC_2016_0562
PROC_CST_2015_0120,PROC_GC_2016_0563
PROC_CST_2015_0130,PROC_GC_2016_0564
PROC_CST_2015_0137,PROC_GC_2016_0565
PROC_CST_2015_0138,PROC_GC_2016_0566
PROC_CST_2015_0139,PROC_GC_2016_0567
PROC_CST_2015_0140,PROC_GC_2016_0568
PROC_CST_2015_0141,PROC_GC_2016_0569
PROC_CST_2015_0142,PROC_GC_2016_0570
PROC_CST_2015_0145,PROC_GC_2016_0571
PROC_CST_2015_0148,PROC_GC_2016_0572
PROC_CST_2015_0150,PROC_GC_2016_0573
PROC_CST_2015_0151,PROC_GC_2016_0574
PROC_CST_2015_0153,PROC_GC_2016_0575
PROC_CST_2016_0004,PROC_GC_2016_0576
PROC_CST_2016_0006,PROC_GC_2016_0577
PROC_CST_2016_0007,PROC_GC_2016_0578
PROC_CST_2016_0008,PROC_GC_2016_0579
PROC_CST_2016_0009,PROC_GC_2016_0580
PROC_CST_2016_0010,PROC_GC_2016_0581
PROC_CST_2016_0011,PROC_GC_2016_0582
PROC_CST_2016_0012,PROC_GC_2016_0583
PROC_CST_2016_0014,PROC_GC_2016_0584
PROC_CST_2016_0015,PROC_GC_2016_0585
PROC_CST_2016_0016,PROC_GC_2016_0586
PROC_CST_2016_0017,PROC_GC_2016_0587
PROC_CST_2016_0018,PROC_GC_2016_0588
PROC_CST_2016_0019,PROC_GC_2016_0589
PROC_CST_2016_0020,PROC_GC_2016_0590
PROC_CST_2016_0021,PROC_GC_2016_0591
PROC_CST_2016_0022,PROC_GC_2016_0592
PROC_CST_2016_0023,PROC_GC_2016_0593
PROC_CST_2016_0024,PROC_GC_2016_0594
PROC_CST_2016_0025,PROC_GC_2016_0595
PROC_CST_2016_0026,PROC_GC_2016_0596
PROC_CST_2016_0027,PROC_GC_2016_0597
PROC_CST_2016_0028,PROC_GC_2016_0598
PROC_CST_2016_0029,PROC_GC_2016_0599
PROC_CST_2016_0030,PROC_GC_2016_0600
PROC_CST_2016_0031,PROC_GC_2016_0601
PROC_CST_2016_0032,PROC_GC_2016_0602
PROC_CST_2016_0033,PROC_GC_2016_0603
PROC_CST_2016_0034,PROC_GC_2016_0604
PROC_CST_2016_0035,PROC_GC_2016_0605
PROC_CST_2016_0036,PROC_GC_2016_0606
PROC_CST_2016_0037,PROC_GC_2016_0607
PROC_CST_2016_0038,PROC_GC_2016_0608
PROC_CST_2016_0039,PROC_GC_2016_0609
PROC_CST_2016_0040_AJ,PROC_GC_2016_0610_AJ
PROC_CST_2016_0041,PROC_GC_2016_0611
PROC_CST_2016_0042,PROC_GC_2016_0612
PROC_CST_2016_0043,PROC_GC_2016_0613
PROC_CST_2016_0044,PROC_GC_2016_0614
PROC_CST_2016_0045,PROC_GC_2016_0615
PROC_CST_2016_0046,PROC_GC_2016_0616
PROC_CST_2016_0047,PROC_GC_2016_0617
PROC_CST_2016_0048,PROC_GC_2016_0618
